"3 De Diciembre ";1004;Chupaca;Junín
"Abancay ";"250 ";Abancay;Apurímac
Abelardo Pardo Lezameta;"97  ";Bolognesi;Ancash
"Acari ";"367 ";Caravelí;Arequipa
"Acas ";"188 ";Ocros;Ancash
"Accha ";"754 ";Paruro;Cusco
"Accomarca ";"539 ";Vilcashuamán;Ayacucho
"Achaya ";1576;Sechura;Piura
Achoma;"394 ";Caylloma;Arequipa
"Aco ";"130 ";Corongo;Ancash
"Aco ";1013;Concepción;Junín
"Acobamba ";"232 ";Sihuas;Ancash
"Acobamba ";"788 ";Acobamba;Huancavelica
"Acobamba ";1102;Tarma;Junín
"Acobambilla ";"830 ";Huancavelica;Huancavelica
"Acochaca ";"95  ";Asunción;Ancash
"Acocro ";"444 ";Huamanga;Ayacucho
"Acolla ";1056;Jauja;Junín
"Acomayo ";"680 ";Acomayo;Cusco
"Acopampa ";"112 ";Carhuaz;Ancash
"Acopia ";"681 ";Acomayo;Cusco
"Acora ";1644;Lampa;Puno
"Acoria ";"831 ";Huancavelica;Huancavelica
"Acos ";"682 ";Acomayo;Cusco
"Acos Vinchos ";"445 ";Huamanga;Ayacucho
"Acostambo ";"863 ";Tayacaja;Huancavelica
"Acraquia ";"864 ";Tayacaja;Huancavelica
"Aczo ";"89  ";Antonio Raymondi;Ancash
"Agallpampa ";1145;Otuzco;La Libertad
"Agua Blanca ";1690;Sandia;Puno
"Aguas Verdes ";1795;Tarata;Tacna
"Ahuac ";1005;Chupaca;Junín
"Ahuaycha ";"865 ";Tayacaja;Huancavelica
"Aija ";"84  ";Aija;Ancash
"Ajoyani ";1591;Sullana;Piura
"Alberto Leveau ";1742;Moyobamba;San Martín
"Alca ";"427 ";La Unión;Arequipa
"Alcamenca ";"527 ";Víctor Fajardo;Ayacucho
"Alfonso Ugarte ";"233 ";Sihuas;Ancash
"Alis ";1374;Yauyos;Lima
Alonso De Alvarado;1701;Bellavista;San Martín
"Alto Biavo ";1684;San Román;Puno
Alto De La Alianza;1770;Tocache;San Martín
"Alto Inambari ";1668;Puno;Puno
"Alto Laran ";"955 ";Chincha;Ica
"Alto Nanay ";1423;Loreto;Loreto
"Alto Pichigua ";"736 ";Espinar;Cusco
"Alto Saposoa ";1695;Yunguyo;Puno
"Alto Selva Alegre ";"330 ";Arequipa;Arequipa
"Alto Tapiche ";1438;Maynas;Loreto
"Amantani ";1645;Lampa;Puno
"Amarilis ";"913 ";Huánuco;Huánuco
"Amashca ";"113 ";Carhuaz;Ancash
"Ambar ";1313;Huaura;Lima
"Ambo ";"881 ";Ambo;Huánuco
"Amotape ";1540;Huancabamba;Piura
"Ananea ";1659;Melgar;Puno
"Anapia ";1677;San Antonio de Putina;Puno
"Ancahuasi ";"687 ";Anta;Cusco
"Anchonga ";"796 ";Angaraes;Huancavelica
"Anco ";"469 ";La Mar;Ayacucho
"Anco ";"821 ";Churcampa;Huancavelica
"Anco-Huallo ";"302 ";Chincheros;Apurímac
"Ancon ";1325;Lima;Lima
"Andabamba ";"663 ";Santa Cruz;Cajamarca
"Andabamba ";"789 ";Acobamba;Huancavelica
"Andagua ";"380 ";Castilla;Arequipa
"Andahuaylas ";"259 ";Andahuaylas;Apurímac
"Andahuaylillas ";"769 ";Quispicanchi;Cusco
"Andajes ";1368;Oyón;Lima
"Andamarca ";1014;Concepción;Junín
"Andarapa ";"260 ";Andahuaylas;Apurímac
"Andaray ";"413 ";Condesuyos;Arequipa
"Angasmarca ";1181;Santiago de Chuco;La Libertad
"Anguia ";"575 ";Chota;Cajamarca
"Anra ";"149 ";Huari;Ancash
"Anta ";"114 ";Carhuaz;Ancash
"Anta ";"688 ";Anta;Cusco
"Anta ";"790 ";Acobamba;Huancavelica
"Antabamba ";"278 ";Antabamba;Apurímac
"Antauta ";1631;El Collao;Puno
"Antioquia ";1281;Huarochirí;Lima
Antonio Raymondi;"98  ";Bolognesi;Ancash
"Aparicio Pomares ";"948 ";Yarowilca;Huánuco
"Apata ";1057;Jauja;Junín
"Aplao ";"381 ";Castilla;Arequipa
"Apongo ";"528 ";Víctor Fajardo;Ayacucho
"Aquia ";"99  ";Bolognesi;Ancash
"Aramango ";"1   ";Bagua;Amazonas
"Arancay ";"902 ";Huamalíes;Huánuco
"Arapa ";1577;Sechura;Piura
"Arenal ";1541;Huancabamba;Piura
"Arequipa ";"331 ";Arequipa;Arequipa
"Arma ";"808 ";Castrovirreyna;Huancavelica
"Ascope ";1121;Ascope;La Libertad
"Asia ";1253;Cañete;Lima
"Asillo ";1578;Sechura;Piura
"Asquipata ";"529 ";Víctor Fajardo;Ayacucho
"Asuncion ";"18  ";Chachapoyas;Amazonas
"Asuncion ";"551 ";Cajamarca;Cajamarca
"Ataquero ";"115 ";Carhuaz;Ancash
"Ataura ";1058;Jauja;Junín
"Atavillos Alto ";1269;Huaral;Lima
"Atavillos Bajo ";1270;Huaral;Lima
"Ate ";1326;Lima;Lima
"Atico ";"368 ";Caravelí;Arequipa
"Atiquipa ";"369 ";Caravelí;Arequipa
"Atuncolla ";1646;Lampa;Puno
"Aucallama ";1271;Huaral;Lima
"Aucara ";"477 ";Lucanas;Ayacucho
"Aurahua ";"809 ";Castrovirreyna;Huancavelica
"Awajun ";1733;Mariscal Cáceres;San Martín
"Ayabaca ";1512;Oxapampa;Pasco
"Ayacucho ";"446 ";Huamanga;Ayacucho
"Ayapata ";1592;Sullana;Piura
"Ayauca ";1375;Yauyos;Lima
"Ayavi ";"847 ";Huaytará;Huancavelica
"Ayaviri ";1376;Yauyos;Lima
"Ayaviri ";1632;El Collao;Puno
"Ayna ";"470 ";La Mar;Ayacucho
"Ayo ";"382 ";Castilla;Arequipa
"Azangaro ";1377;Yauyos;Lima
"Azangaro ";1579;Sechura;Piura
"Bagua Grande ";"77  ";Utcubamba;Amazonas
"Bajo Biavo ";1685;San Román;Puno
"Balsapuerto ";1407;Alto Amazonas;Loreto
"Balsas ";"19  ";Chachapoyas;Amazonas
"Bambamarca ";"617 ";Hualgayoc;Cajamarca
"Bambamarca ";1128;Bolívar;La Libertad
"Bambas ";"131 ";Corongo;Ancash
"Baños ";"923 ";Lauricocha;Huánuco
"Barranca ";1236;Barranca;Lima
"Barranca ";1408;Alto Amazonas;Loreto
"Barranco ";1327;Lima;Lima
"Barranquita ";1702;Bellavista;San Martín
"Belen ";"516 ";Sucre;Ayacucho
"Bella Union ";"370 ";Caravelí;Arequipa
"Bellavista ";"620 ";Jaén;Cajamarca
"Bellavista ";"674 ";Callao;Callao
"Bellavista ";1562;Paita;Piura
"Bellavista ";1686;San Román;Puno
Bellavista De La Union;1556;Morropón;Piura
"Bernal ";1557;Morropón;Piura
"Bolivar ";"646 ";San Miguel;Cajamarca
"Bolivar ";1129;Bolívar;La Libertad
"Bolognesi ";"198 ";Pallasca;Ancash
"Breña ";1328;Lima;Lima
Buena Vista Alta;"126 ";Casma;Ancash
"Buenos Aires ";1530;Ayabaca;Piura
"Buenos Aires ";1723;Lamas;San Martín
"Buldibuyo ";1160;Pataz;La Libertad
"Cabana ";"199 ";Pallasca;Ancash
"Cabana ";"478 ";Lucanas;Ayacucho
"Cabana ";1664;Moho;Puno
"Cabanaconde ";"395 ";Caylloma;Arequipa
"Cabanilla ";1621;Chucuito;Puno
"Cabanillas ";1665;Moho;Puno
"Cacatachi ";1743;Moyobamba;San Martín
Caceres Del Peru;"223 ";Santa;Ancash
"Cachachi ";"547 ";Cajabamba;Cajamarca
"Cachicadan ";1182;Santiago de Chuco;La Libertad
"Cachimayo ";"689 ";Anta;Cusco
"Cacra ";1378;Yauyos;Lima
"Cahuac ";"949 ";Yarowilca;Huánuco
"Cahuacho ";"371 ";Caravelí;Arequipa
"Cahuapanas ";1409;Alto Amazonas;Loreto
"Caicay ";"763 ";Paucartambo;Cusco
Cairani;1761;Rioja;San Martín
"Caja ";"791 ";Acobamba;Huancavelica
"Cajabamba ";"548 ";Cajabamba;Cajamarca
"Cajacay ";"100 ";Bolognesi;Ancash
"Cajamarca ";"552 ";Cajamarca;Cajamarca
"Cajamarquilla ";"189 ";Ocros;Ancash
"Cajaruro ";"78  ";Utcubamba;Amazonas
"Cajatambo ";1241;Cajatambo;Lima
"Cajay ";"150 ";Huari;Ancash
"Calamarca ";1141;Julcán;La Libertad
Calana;1771;Tocache;San Martín
"Calango ";1254;Cañete;Lima
"Calapuja ";1622;Chucuito;Puno
"Calca ";"696 ";Calca;Cusco
"Caleta De Carquin ";1314;Huaura;Lima
"Callahuanca ";1282;Huarochirí;Lima
"Callalli ";"396 ";Caylloma;Arequipa
"Callanmarca ";"797 ";Angaraes;Huancavelica
"Callao ";"675 ";Callao;Callao
"Calleria ";1803;Tumbes;Tumbes
"Calquis ";"647 ";San Miguel;Cajamarca
"Calzada ";1717;Huallaga;San Martín
"Camana ";"359 ";Camaná;Arequipa
"Camanti ";"770 ";Quispicanchi;Cusco
Camilaca;1762;Rioja;San Martín
"Caminaca ";1580;Sechura;Piura
"Campanilla ";1712;El Dorado;San Martín
"Camporredondo ";"42  ";Luya;Amazonas
"Campoverde ";1804;Tumbes;Tumbes
"Canaria ";"530 ";Víctor Fajardo;Ayacucho
"Canaris ";1218;Ferreñafe;Lambayeque
"Canchabamba ";"898 ";Huacaybamba;Huánuco
"Canchaque ";1522;Pasco;Pasco
"Canchayllo ";1059;Jauja;Junín
Candarave;1763;Rioja;San Martín
"Cangallo ";"438 ";Cangallo;Ayacucho
"Canis ";"101 ";Bolognesi;Ancash
"Canta ";1246;Canta;Lima
"Capachica ";1647;Lampa;Puno
"Capacmarca ";"720 ";Chumbivilcas;Cusco
"Capaya ";"285 ";Aymaraes;Apurímac
Capazo;1608;Azángaro;Puno
"Capelo ";1439;Maynas;Loreto
"Capilllas ";"810 ";Castrovirreyna;Huancavelica
"Carabamba ";1142;Julcán;La Libertad
"Carabayllo ";1329;Lima;Lima
"Caracoto ";1666;Moho;Puno
"Carampoma ";1283;Huarochirí;Lima
"Carania ";1379;Yauyos;Lima
"Carapo ";"458 ";Huanca Sancos;Ayacucho
"Caraveli ";"372 ";Caravelí;Arequipa
"Caraybamba ";"286 ";Aymaraes;Apurímac
"Caraz ";"170 ";Huaylas;Ancash
"Carhuacallanga ";1028;Huancayo;Junín
"Carhuamayo ";1090;Junín;Junín
"Carhuanca ";"540 ";Vilcashuamán;Ayacucho
"Carhuapampa ";"190 ";Ocros;Ancash
"Carhuaz ";"116 ";Carhuaz;Ancash
"Carmen Alto ";"447 ";Huamanga;Ayacucho
Carmen De La Legua Reynoso;"676 ";Callao;Callao
"Carmen Salcedo ";"479 ";Lucanas;Ayacucho
"Carumas ";1478;General Sánchez Cerro;Moquegua
"Casca ";"180 ";Mariscal Luzuriaga;Ancash
"Cascapara ";"242 ";Yungay;Ancash
"Cascas ";1137;Gran Chimú;La Libertad
"Cashapampa ";"234 ";Sihuas;Ancash
"Casitas ";1787;Jorge Basadre;Tacna
"Casma ";"127 ";Casma;Ancash
"Caspisapa ";1724;Lamas;San Martín
"Castilla ";1547;Huancabamba;Piura
"Castrovirreyna ";"811 ";Castrovirreyna;Huancavelica
"Catac ";"213 ";Recuay;Ancash
"Catacaos ";1548;Huancabamba;Piura
"Catache ";"664 ";Santa Cruz;Cajamarca
"Catahuasi ";1380;Yauyos;Lima
"Catilluc ";"648 ";San Miguel;Cajamarca
"Caujul ";1369;Oyón;Lima
"Cayara ";"531 ";Víctor Fajardo;Ayacucho
"Cayarani ";"414 ";Condesuyos;Arequipa
"Caylloma ";"397 ";Caylloma;Arequipa
"Cayma ";"332 ";Arequipa;Arequipa
"Cayna ";"882 ";Ambo;Huánuco
"Caynarachi ";1703;Bellavista;San Martín
"Ccapi ";"755 ";Paruro;Cusco
"Ccarhuayo ";"771 ";Quispicanchi;Cusco
"Ccatca ";"772 ";Quispicanchi;Cusco
"Ccochaccasa ";"798 ";Angaraes;Huancavelica
"Ccorca ";"728 ";Cuzco;Cusco
"Celendin ";"563 ";Celendín;Cajamarca
"Cerro Azul ";1255;Cañete;Lima
"Cerro Colorado ";"333 ";Arequipa;Arequipa
"Chacabamba ";"950 ";Yarowilca;Huánuco
"Chacapalca ";1111;Yauli;Junín
"Chacapampa ";1029;Huancayo;Junín
"Chacas ";"96  ";Asunción;Ancash
"Chacayan ";1484;Ilo;Moquegua
"Chaccho ";"90  ";Antonio Raymondi;Ancash
"Chachapoyas ";"20  ";Chachapoyas;Amazonas
"Chachas ";"383 ";Castilla;Arequipa
"Chaclacayo ";1330;Lima;Lima
"Chacoche ";"251 ";Abancay;Apurímac
"Chadin ";"576 ";Chota;Cajamarca
"Chaglla ";"939 ";Pachitea;Huánuco
"Chala ";"373 ";Caravelí;Arequipa
"Chalaco ";1531;Ayabaca;Piura
"Chalamarca ";"577 ";Chota;Cajamarca
"Chalcos ";"517 ";Sucre;Ayacucho
"Chalhuanca ";"287 ";Aymaraes;Apurímac
"Challabamba ";"764 ";Paucartambo;Cusco
"Challhuahuacho ";"310 ";Cotabambas;Apurímac
"Chamaca ";"721 ";Chumbivilcas;Cusco
"Chambara ";1015;Concepción;Junín
"Chancay ";"639 ";San Marcos;Cajamarca
"Chancay ";1272;Huaral;Lima
"Chancaybaños ";"665 ";Santa Cruz;Cajamarca
"Chanchamayo ";"998 ";Chanchamayo;Junín
"Changuillo ";"980 ";Nazca;Ica
"Chao ";1200;Virú;La Libertad
"Chaparra ";"374 ";Caravelí;Arequipa
"Chapimarca ";"288 ";Aymaraes;Apurímac
"Characato ";"334 ";Arequipa;Arequipa
"Charat ";1146;Otuzco;La Libertad
"Charcana ";"428 ";La Unión;Arequipa
"Chaupimarca ";1499;Daniel A. Carrión;Pasco
"Chavin ";"956 ";Chincha;Ica
Chavin De Huantar;"151 ";Huari;Ancash
"Chavin De Pariarca ";"903 ";Huamalíes;Huánuco
"Chavinillo ";"951 ";Yarowilca;Huánuco
"Chaviña ";"480 ";Lucanas;Ayacucho
"Chazuta ";1744;Moyobamba;San Martín
"Checacupe ";"712 ";Canchis;Cusco
"Checca ";"704 ";Canas;Cusco
"Checras ";1315;Huaura;Lima
"Chepen ";1134;Chepén;La Libertad
"Chetilla ";"553 ";Cajamarca;Cajamarca
"Cheto ";"21  ";Chachapoyas;Amazonas
"Chiara ";"261 ";Andahuaylas;Apurímac
"Chiara ";"448 ";Huamanga;Ayacucho
"Chicama ";1122;Ascope;La Libertad
Chicche;1030;Huancayo;Junín
"Chichas ";"415 ";Condesuyos;Arequipa
"Chicla ";1284;Huarochirí;Lima
"Chiclayo ";1203;Chiclayo;Lambayeque
"Chiguata ";"335 ";Arequipa;Arequipa
"Chiguirip ";"578 ";Chota;Cajamarca
"Chilca ";1031;Huancayo;Junín
"Chilca ";1256;Cañete;Lima
"Chilcas ";"471 ";La Mar;Ayacucho
"Chilcaymarca ";"384 ";Castilla;Arequipa
"Chilcayoc ";"518 ";Sucre;Ayacucho
"Chilete ";"594 ";Contumazá;Cajamarca
"Chiliquin ";"22  ";Chachapoyas;Amazonas
"Chillia ";1161;Pataz;La Libertad
"Chimban ";"579 ";Chota;Cajamarca
"Chimbote ";"224 ";Santa;Ancash
"Chincha Alta ";"957 ";Chincha;Ica
"Chincha Baja ";"958 ";Chincha;Ica
"Chinchao ";"914 ";Huánuco;Huánuco
"Chinchaypujio ";"690 ";Anta;Cusco
"Chinchero ";"781 ";Urubamba;Cusco
"Chincheros ";"303 ";Chincheros;Apurímac
"Chinchihuasi ";"822 ";Churcampa;Huancavelica
"Chincho ";"799 ";Angaraes;Huancavelica
"Chingalpo ";"235 ";Sihuas;Ancash
"Chingas ";"91  ";Antonio Raymondi;Ancash
"Chipao ";"481 ";Lucanas;Ayacucho
"Chipurana ";1745;Moyobamba;San Martín
"Chiquian ";"102 ";Bolognesi;Ancash
"Chirimoto ";"65  ";Rodríguez de Mendoza;Amazonas
"Chirinos ";"632 ";San Ignacio;Cajamarca
"Chisquilla ";"6   ";Bongará;Amazonas
"Chivay ";"398 ";Caylloma;Arequipa
"Chochope ";1224;Lambayeque;Lambayeque
"Choco ";"385 ";Castilla;Arequipa
"Chocope ";1123;Ascope;La Libertad
"Chocos ";1381;Yauyos;Lima
"Chojata ";1464;Tahuamanu;Madre de Dios
"Cholon ";"936 ";Marañón;Huánuco
"Chongos Alto ";1032;Huancayo;Junín
"Chongos Bajo ";1006;Chupaca;Junín
"Chongoyape ";1204;Chiclayo;Lambayeque
"Chontabamba ";1492;Mariscal Nieto;Moquegua
"Chontali ";"621 ";Jaén;Cajamarca
"Choropampa ";"580 ";Chota;Cajamarca
"Choros ";"602 ";Cutervo;Cajamarca
"Chorrillos ";1331;Lima;Lima
"Chota ";"581 ";Chota;Cajamarca
Chucatamani;1779;Candarave;Tacna
"Chucuito ";1648;Lampa;Puno
"Chugay ";1173;Sánchez Carrión;La Libertad
"Chugur ";"618 ";Hualgayoc;Cajamarca
"Chulucanas ";1532;Ayabaca;Piura
"Chumpi ";"498 ";Parinacochas;Ayacucho
"Chumuch ";"564 ";Celendín;Cajamarca
"Chungui ";"472 ";La Mar;Ayacucho
"Chupa ";1581;Sechura;Piura
"Chupaca ";1007;Chupaca;Junín
"Chupamarca ";"812 ";Castrovirreyna;Huancavelica
"Chupuro ";1033;Huancayo;Junín
"Chuquibamba ";"23  ";Chachapoyas;Amazonas
"Chuquibamba ";"416 ";Condesuyos;Arequipa
"Chuquibambilla ";"316 ";Grau;Apurímac
"Chuquis ";"889 ";Dos de Mayo;Huánuco
"Churcampa ";"823 ";Churcampa;Huancavelica
"Churubamba ";"915 ";Huánuco;Huánuco
"Churuja ";"7   ";Bongará;Amazonas
"Chuschi ";"439 ";Cangallo;Ayacucho
"Cieneguilla ";1332;Lima;Lima
"Circa ";"252 ";Abancay;Apurímac
Ciudad Nueva;1772;Tocache;San Martín
"Coalaque ";1465;Tahuamanu;Madre de Dios
"Coasa ";1593;Sullana;Piura
"Coata ";1649;Lampa;Puno
"Coayllo ";1257;Cañete;Lima
"Cocabamba ";"43  ";Luya;Amazonas
"Cocachacra ";"421 ";Islay;Arequipa
"Cocas ";"813 ";Castrovirreyna;Huancavelica
"Cochabamba ";"137 ";Huaraz;Ancash
"Cochabamba ";"582 ";Chota;Cajamarca
"Cochabamba ";"899 ";Huacaybamba;Huánuco
"Cochamal ";"66  ";Rodríguez de Mendoza;Amazonas
"Cochamarca ";1370;Oyón;Lima
"Cochapeti ";"165 ";Huarmey;Ancash
"Cocharcas ";"304 ";Chincheros;Apurímac
"Cochas ";"191 ";Ocros;Ancash
"Cochas ";1016;Concepción;Junín
"Cochas ";1382;Yauyos;Lima
"Cochorco ";1174;Sánchez Carrión;La Libertad
"Codo De Pozuzo ";"943 ";Puerto Inca;Huánuco
"Coishco ";"225 ";Santa;Ancash
"Cojata ";1613;Carabaya;Puno
"Colan ";1542;Huancabamba;Piura
"Colasay ";"622 ";Jaén;Cajamarca
"Colca ";"532 ";Víctor Fajardo;Ayacucho
"Colca ";1034;Huancayo;Junín
"Colcabamba ";"138 ";Huaraz;Ancash
"Colcabamba ";"289 ";Aymaraes;Apurímac
"Colcabamba ";"866 ";Tayacaja;Huancavelica
"Colcamar ";"44  ";Luya;Amazonas
"Colcha ";"756 ";Paruro;Cusco
"Collayuc ";"603 ";Cutervo;Cajamarca
"Colonia ";1383;Yauyos;Lima
"Colpas ";"883 ";Ambo;Huánuco
"Colquemarca ";"722 ";Chumbivilcas;Cusco
"Colquepata ";"765 ";Paucartambo;Cusco
"Colquioc ";"103 ";Bolognesi;Ancash
"Colta ";"506 ";Páucar del Sara Sara;Ayacucho
"Comandante Noel ";"128 ";Casma;Ancash
"Comas ";1017;Concepción;Junín
"Comas ";1333;Lima;Lima
"Combapata ";"713 ";Canchis;Cusco
"Conayca ";"832 ";Huancavelica;Huancavelica
"Concepcion ";"541 ";Vilcashuamán;Ayacucho
"Concepcion ";1018;Concepción;Junín
"Conchamarca ";"884 ";Ambo;Huánuco
"Conchan ";"583 ";Chota;Cajamarca
"Conchucos ";"200 ";Pallasca;Ancash
"Condebamba ";"549 ";Cajabamba;Cajamarca
"Condormarca ";1130;Bolívar;La Libertad
"Condoroma ";"737 ";Espinar;Cusco
"Conduriri ";1609;Azángaro;Puno
"Congalla ";"800 ";Angaraes;Huancavelica
"Congas ";"192 ";Ocros;Ancash
"Conila ";"45  ";Luya;Amazonas
"Conima ";1640;Huancané;Puno
"Contamana ";1448;Putumayo;Loreto
"Contumaza ";"595 ";Contumazá;Cajamarca
"Copa ";1242;Cajatambo;Lima
"Copallin ";"2   ";Bagua;Amazonas
"Copani ";1678;San Antonio de Putina;Puno
"Coporaque ";"399 ";Caylloma;Arequipa
"Coporaque ";"738 ";Espinar;Cusco
"Coracora ";"499 ";Parinacochas;Ayacucho
"Corani ";1594;Sullana;Piura
"Corculla ";"507 ";Páucar del Sara Sara;Ayacucho
"Cordova ";"848 ";Huaytará;Huancavelica
"Coris ";"85  ";Aija;Ancash
Coronel Castañeda;"500 ";Parinacochas;Ayacucho
"Corongo ";"132 ";Corongo;Ancash
"Corosha ";"8   ";Bongará;Amazonas
"Corrales ";1789;Tacna;Tacna
"Cortegana ";"565 ";Celendín;Cajamarca
"Cospan ";"554 ";Cajamarca;Cajamarca
"Cotabambas ";"311 ";Cotabambas;Apurímac
"Cotahuasi ";"429 ";La Unión;Arequipa
"Cotaparaco ";"214 ";Recuay;Ancash
"Cotaruse ";"290 ";Aymaraes;Apurímac
"Coviriali ";1094;Satipo;Junín
"Coya ";"697 ";Calca;Cusco
"Coyllurqui ";"312 ";Cotabambas;Apurímac
Cristo Nos Valga;1558;Morropón;Piura
"Crucero ";1595;Sullana;Piura
"Cuchumbaya ";1479;General Sánchez Cerro;Moquegua
"Cuenca ";"833 ";Huancavelica;Huancavelica
"Cuenca ";1285;Huarochirí;Lima
"Cuispes ";"9   ";Bongará;Amazonas
"Cujillo ";"604 ";Cutervo;Cajamarca
"Culebras ";"166 ";Huarmey;Ancash
"Cullhuas ";1035;Huancayo;Junín
"Cumba ";"79  ";Utcubamba;Amazonas
"Cuñumbuqui ";1704;Bellavista;San Martín
"Cupi ";1633;El Collao;Puno
"Cupisnique ";"596 ";Contumazá;Cajamarca
"Cura Mori ";1549;Huancabamba;Piura
"Curahuasi ";"253 ";Abancay;Apurímac
"Curahuay ";1247;Canta;Lima
"Curasco ";"317 ";Grau;Apurímac
"Curgos ";1175;Sánchez Carrión;La Libertad
Curibaya;1764;Rioja;San Martín
"Curicaca ";1060;Jauja;Junín
"Curimana ";1809;Zarumilla;Tumbes
"Curpahuasi ";"318 ";Grau;Apurímac
"Cusca ";"133 ";Corongo;Ancash
"Cusco ";"729 ";Cuzco;Cusco
"Cusipata ";"773 ";Quispicanchi;Cusco
"Cutervo ";"605 ";Cutervo;Cajamarca
"Cuturapi ";1679;San Antonio de Putina;Puno
"Cuyocuyo ";1669;Puno;Puno
Daniel Alomias Robles;"930 ";Leoncio Prado;Huánuco
"Daniel Hernandez ";"867 ";Tayacaja;Huancavelica
"Dean Valdivia ";"422 ";Islay;Arequipa
"Desaguadero ";1601;Talara;Piura
"Echarate ";"744 ";La Convención;Cusco
Eduardo Villanueva;"640 ";San Marcos;Cajamarca
"El Agustino ";1334;Lima;Lima
"El Algarrobal ";1475;Tambopata;Madre de Dios
"El Alto ";1570;Piura;Piura
"El Carmen ";"824 ";Churcampa;Huancavelica
"El Carmen ";"959 ";Chincha;Ica
El Carmen De La Frontera;1523;Pasco;Pasco
"El Cenepa ";"39  ";Condorcanqui;Amazonas
"El Eslabon ";1696;Yunguyo;Puno
"El Ingenio ";"981 ";Nazca;Ica
"El Mantaro ";1061;Jauja;Junín
"El Milagro ";"80  ";Utcubamba;Amazonas
"El Oro ";"279 ";Antabamba;Apurímac
"El Parco ";"3   ";Bagua;Amazonas
"El Porvenir ";1189;Trujillo;La Libertad
"El Porvenir ";1746;Moyobamba;San Martín
"El Prado ";"649 ";San Miguel;Cajamarca
"El Tallan ";1550;Huancabamba;Piura
"El Tambo ";1036;Huancayo;Junín
Eleazar Guzman Barron;"181 ";Mariscal Luzuriaga;Ancash
Elias Soplin Vargas;1734;Mariscal Cáceres;San Martín
Emilio San Martin;1440;Maynas;Loreto
"Encañada ";"555 ";Cajamarca;Cajamarca
"Espinar ";"739 ";Espinar;Cusco
Estique;1780;Candarave;Tacna
Estique-Pampa;1781;Candarave;Tacna
"Eten ";1205;Chiclayo;Lambayeque
"Eten Puerto ";1206;Chiclayo;Lambayeque
"Fernando Flores ";1424;Loreto;Loreto
"Ferreñafe ";1219;Ferreñafe;Lambayeque
Fidel Olivas Escudero;"182 ";Mariscal Luzuriaga;Ancash
"Fitzcarrald ";1454;Requena;Loreto
"Florencia De Mora ";1190;Trujillo;La Libertad
"Florida ";"10  ";Bongará;Amazonas
"Frias ";1513;Oxapampa;Pasco
"Gamarra ";"319 ";Grau;Apurímac
"Gorgor ";1243;Cajatambo;Lima
"Goyllarisquizga ";1485;Ilo;Moquegua
"Granada ";"24  ";Chachapoyas;Amazonas
"Gregorio Pita ";"641 ";San Marcos;Cajamarca
"Grocio Prado ";"960 ";Chincha;Ica
"Guadalupe ";1155;Pacasmayo;La Libertad
"Guadalupito ";1201;Virú;La Libertad
"Guzmango ";"597 ";Contumazá;Cajamarca
"Habana ";1718;Huallaga;San Martín
"Haquira ";"313 ";Cotabambas;Apurímac
"Hayahuanco ";"462 ";Huanta;Ayacucho
"Hermilio Valdizan ";"931 ";Leoncio Prado;Huánuco
"Heroinas Toledo ";1019;Concepción;Junín
"Hongos ";1384;Yauyos;Lima
"Honoria ";"944 ";Puerto Inca;Huánuco
"Huabal ";"623 ";Jaén;Cajamarca
"Huacachi ";"152 ";Huari;Ancash
"Huacaña ";"519 ";Sucre;Ayacucho
"Huacar ";"885 ";Ambo;Huánuco
"Huacaschuque ";"201 ";Pallasca;Ancash
"Huacaybamba ";"900 ";Huacaybamba;Huánuco
"Huaccana ";"305 ";Chincheros;Apurímac
"Huacchis ";"153 ";Huari;Ancash
"Huachac ";1008;Chupaca;Junín
"Huachis ";"154 ";Huari;Ancash
"Huacho ";1316;Huaura;Lima
"Huachocolpa ";"834 ";Huancavelica;Huancavelica
"Huachocolpa ";"868 ";Tayacaja;Huancavelica
"Huachon ";1500;Daniel A. Carrión;Pasco
"Huachos ";"814 ";Castrovirreyna;Huancavelica
"Huac-Huas ";"482 ";Lucanas;Ayacucho
"Huachupampa ";1286;Huarochirí;Lima
"Huacllan ";"86  ";Aija;Ancash
"Huacrachuco ";"937 ";Marañón;Huánuco
"Huacrapuquio ";1037;Huancayo;Junín
"Huacullani ";1602;Talara;Piura
"Hualgayoc ";"619 ";Hualgayoc;Cajamarca
"Hualhuas ";1038;Huancayo;Junín
"Huallaga ";1687;San Román;Puno
"Huallanca ";"104 ";Bolognesi;Ancash
"Huallanca ";"171 ";Huaylas;Ancash
"Hualmay ";1317;Huaura;Lima
"Huamachuco ";1176;Sánchez Carrión;La Libertad
"Huamali ";1062;Jauja;Junín
"Huamancaca Chico ";1009;Chupaca;Junín
"Huamanguilla ";"463 ";Huanta;Ayacucho
"Huamanquiquia ";"533 ";Víctor Fajardo;Ayacucho
"Huamantanga ";1248;Canta;Lima
"Huamatambo ";"815 ";Castrovirreyna;Huancavelica
"Huambalpa ";"542 ";Vilcashuamán;Ayacucho
"Huambo ";"67  ";Rodríguez de Mendoza;Amazonas
"Huambo ";"400 ";Caylloma;Arequipa
"Huanbos ";"584 ";Chota;Cajamarca
"Huanca ";"401 ";Caylloma;Arequipa
"Huancabamba ";1493;Mariscal Nieto;Moquegua
"Huancabamba ";1524;Pasco;Pasco
"Huanca-Huanca ";"801 ";Angaraes;Huancavelica
"Huancan ";1039;Huancayo;Junín
"Huancane ";1614;Carabaya;Puno
"Huancano ";"990 ";Pisco;Ica
"Huancapi ";"534 ";Víctor Fajardo;Ayacucho
"Huancapon ";1244;Cajatambo;Lima
"Huancarama ";"262 ";Andahuaylas;Apurímac
"Huancarani ";"766 ";Paucartambo;Cusco
"Huancaray ";"263 ";Andahuaylas;Apurímac
"Huancaraylla ";"535 ";Víctor Fajardo;Ayacucho
"Huancarqui ";"386 ";Castilla;Arequipa
"Huancas ";"25  ";Chachapoyas;Amazonas
"Huancaspata ";1162;Pataz;La Libertad
"Huancavelica ";"835 ";Huancavelica;Huancavelica
"Huancaya ";1385;Yauyos;Lima
"Huancayo ";1040;Huancayo;Junín
"Huanchaco ";1191;Trujillo;La Libertad
"Huanchay ";"139 ";Huaraz;Ancash
"Huando ";"869 ";Tayacaja;Huancavelica
"Huandoval ";"202 ";Pallasca;Ancash
"Huangascar ";1386;Yauyos;Lima
"Huanipaca ";"254 ";Abancay;Apurímac
"Huanoquite ";"757 ";Paruro;Cusco
"Huanpara ";1387;Yauyos;Lima
"Huanta ";"464 ";Huanta;Ayacucho
"Huantan ";1388;Yauyos;Lima
"Huantar ";"155 ";Huari;Ancash
Huanuara;1765;Rioja;San Martín
"Huanuco ";"916 ";Huánuco;Huánuco
"Huanuhuanu ";"375 ";Caravelí;Arequipa
"Huanza ";1287;Huarochirí;Lima
"Huañec ";1389;Yauyos;Lima
"Huaquirca ";"280 ";Antabamba;Apurímac
"Huaral ";1273;Huaral;Lima
"Huaranchal ";1147;Otuzco;La Libertad
"Huarango ";"633 ";San Ignacio;Cajamarca
"Huaraz ";"140 ";Huaraz;Ancash
"Huari ";"156 ";Huari;Ancash
"Huariaca ";1501;Daniel A. Carrión;Pasco
"Huaribamba ";"870 ";Tayacaja;Huancavelica
"Huaricolca ";1103;Tarma;Junín
"Huaripampa ";1063;Jauja;Junín
"Huarmaca ";1525;Pasco;Pasco
"Huarmey ";"167 ";Huarmey;Ancash
"Huaro ";"774 ";Quispicanchi;Cusco
"Huarochiri ";1288;Huarochirí;Lima
"Huarocondo ";"691 ";Anta;Cusco
"Huaros ";1249;Canta;Lima
"Huasahuasi ";1104;Tarma;Junín
"Huasicancha ";1041;Huancayo;Junín
"Huasmin ";"566 ";Celendín;Cajamarca
"Huaso ";1143;Julcán;La Libertad
"Huasta ";"105 ";Bolognesi;Ancash
"Huata ";"172 ";Huaylas;Ancash
"Huata ";1650;Lampa;Puno
"Huatasani ";1615;Carabaya;Puno
"Huaura ";1318;Huaura;Lima
"Huaya ";"536 ";Víctor Fajardo;Ayacucho
"Huayacundo Arma ";"849 ";Huaytará;Huancavelica
"Huayan ";"168 ";Huarmey;Ancash
"Huayana ";"264 ";Andahuaylas;Apurímac
"Huay-Huay ";1112;Yauli;Junín
"Huaylas ";"173 ";Huaylas;Ancash
"Huaylillas ";1163;Pataz;La Libertad
"Huayllabamba ";"236 ";Sihuas;Ancash
"Huayllabamba ";"782 ";Urubamba;Cusco
"Huayllacayan ";"106 ";Bolognesi;Ancash
"Huayllahuara ";"836 ";Huancavelica;Huancavelica
"Huayllan ";"209 ";Pomabamba;Ancash
"Huayllapampa ";"215 ";Recuay;Ancash
"Huayllati ";"320 ";Grau;Apurímac
"Huayllay ";1502;Daniel A. Carrión;Pasco
"Huayllay Grande ";"802 ";Angaraes;Huancavelica
"Huayllo ";"291 ";Aymaraes;Apurímac
"Huaynacotas ";"430 ";La Unión;Arequipa
"Huayo ";1164;Pataz;La Libertad
"Huayopata ";"745 ";La Convención;Cusco
"Huayrapata ";1641;Huancané;Puno
"Huaytara ";"850 ";Huaytará;Huancavelica
"Huayucachi ";1042;Huancayo;Junín
"Huertas ";1064;Jauja;Junín
"Huicungo ";1713;El Dorado;San Martín
"Humay ";"991 ";Pisco;Ica
"Humbayoc ";1747;Moyobamba;San Martín
"Iberia ";1457;Ucayali;Loreto
"Ica ";"966 ";Ica;Ica
"Ichocan ";"642 ";San Marcos;Cajamarca
"Ichuña ";1466;Tahuamanu;Madre de Dios
"Ichupalla ";1616;Carabaya;Puno
"Ichupampa ";"402 ";Caylloma;Arequipa
Ignacio Escudero;1563;Paita;Piura
"Iguain ";"465 ";Huanta;Ayacucho
"Ihuari ";1274;Huaral;Lima
Ilabaya;1767;San Martín;San Martín
"Ilave ";1610;Azángaro;Puno
"Illimo ";1225;Lambayeque;Lambayeque
"Ilo ";1476;Tambopata;Madre de Dios
"Imaza ";"4   ";Bagua;Amazonas
"Imperial ";1258;Cañete;Lima
"Inahuaya ";1449;Putumayo;Loreto
"Inambari ";1460;Manu;Madre de Dios
"Incahuasi ";1220;Ferreñafe;Lambayeque
Inclan;1773;Tocache;San Martín
"Independencia ";"141 ";Huaraz;Ancash
"Independencia ";"543 ";Vilcashuamán;Ayacucho
"Independencia ";"992 ";Pisco;Ica
"Independencia ";1335;Lima;Lima
"Indiana ";1425;Loreto;Loreto
"Ingenio ";1043;Huancayo;Junín
"Inguilpata ";"46  ";Luya;Amazonas
"Iñapari ";1458;Ucayali;Loreto
"Iparia ";1805;Tumbes;Tumbes
"Iquitos ";1426;Loreto;Loreto
"Iray ";"417 ";Condesuyos;Arequipa
"Irazola ";1810;Zarumilla;Tumbes
"Islay ";"423 ";Islay;Arequipa
Ite;1768;San Martín;San Martín
"Ituata ";1596;Sullana;Piura
"Izcuchaca ";"837 ";Huancavelica;Huancavelica
"Jacas Chico ";"952 ";Yarowilca;Huánuco
"Jacas Grande ";"904 ";Huamalíes;Huánuco
"Jacobo Hunter ";"336 ";Arequipa;Arequipa
"Jaen ";"624 ";Jaén;Cajamarca
"Jamalca ";"81  ";Utcubamba;Amazonas
"Jangas ";"142 ";Huaraz;Ancash
"Janjaillo ";1065;Jauja;Junín
"Jaqui ";"376 ";Caravelí;Arequipa
"Jarpa ";1010;Chupaca;Junín
"Jauja ";1066;Jauja;Junín
"Jayanca ";1226;Lambayeque;Lambayeque
"Jazan ";"11  ";Bongará;Amazonas
"Jeberos ";1410;Alto Amazonas;Loreto
"Jenaro Herrera ";1441;Maynas;Loreto
"Jepelacio ";1719;Huallaga;San Martín
"Jequetepeque ";1156;Pacasmayo;La Libertad
"Jesus ";"556 ";Cajamarca;Cajamarca
"Jesus ";"924 ";Lauricocha;Huánuco
"Jesus Maria ";1336;Lima;Lima
"Jilili ";1514;Oxapampa;Pasco
"Jircan ";"905 ";Huamalíes;Huánuco
"Jivia ";"925 ";Lauricocha;Huánuco
"Jorge Chavez ";"567 ";Celendín;Cajamarca
Jose Crespo Y Castillo;"932 ";Leoncio Prado;Huánuco
Jose Domingo Choquehuanca;1582;Sechura;Piura
"Jose Galvez ";"568 ";Celendín;Cajamarca
"Jose Leonardo Ortiz ";1207;Chiclayo;Lambayeque
Jose Luis Bustamante Y Rivero;"337 ";Arequipa;Arequipa
Jose Manuel Quiroz;"643 ";San Marcos;Cajamarca
"Jose Maria Quimper ";"360 ";Camaná;Arequipa
"Jose Sabogal ";"644 ";San Marcos;Cajamarca
"Juan Espinoza Medrano ";"281 ";Antabamba;Apurímac
"Juan Guerra ";1748;Moyobamba;San Martín
"Juanjui ";1714;El Dorado;San Martín
"Julcamarca ";"803 ";Angaraes;Huancavelica
"Julcan ";1067;Jauja;Junín
"Julcan ";1144;Julcán;La Libertad
"Juli ";1603;Talara;Piura
"Juliaca ";1667;Moho;Puno
"Jumbilla ";"12  ";Bongará;Amazonas
"Junin ";1091;Junín;Junín
"Justo Apu Sahuaraura ";"292 ";Aymaraes;Apurímac
"Kaquiabamba ";"265 ";Andahuaylas;Apurímac
"Kelluyo ";1604;Talara;Piura
"Kishuara ";"266 ";Andahuaylas;Apurímac
"Kosñipata ";"767 ";Paucartambo;Cusco
"Kunturkanki ";"705 ";Canas;Cusco
"La Arena ";1551;Huancabamba;Piura
La Banda De Shilcayo;1749;Moyobamba;San Martín
"La Brea ";1571;Piura;Piura
"La Capilla ";1467;Tahuamanu;Madre de Dios
"La Coipa ";"634 ";San Ignacio;Cajamarca
"La Cruz ";1790;Tacna;Tacna
"La Cuesta ";1148;Otuzco;La Libertad
"La Esperanza ";"666 ";Santa Cruz;Cajamarca
"La Esperanza ";1192;Trujillo;La Libertad
"La Florida ";"650 ";San Miguel;Cajamarca
"La Huaca ";1543;Huancabamba;Piura
"La Jalca ";"26  ";Chachapoyas;Amazonas
"La Joya ";"338 ";Arequipa;Arequipa
"La Libertad ";"143 ";Huaraz;Ancash
La Libertad De Pallan;"569 ";Celendín;Cajamarca
"La Matanza ";1533;Ayabaca;Piura
"La Merced ";"87  ";Aija;Ancash
"La Merced ";"825 ";Churcampa;Huancavelica
"La Molina ";1337;Lima;Lima
"La Oroya ";1113;Yauli;Junín
"La Pampa ";"134 ";Corongo;Ancash
"La Peca ";"5   ";Bagua;Amazonas
"La Perla ";"677 ";Callao;Callao
"La Primavera ";"107 ";Bolognesi;Ancash
"La Punta ";"678 ";Callao;Callao
"La Ramada ";"606 ";Cutervo;Cajamarca
"La Tinguiña ";"967 ";Ica;Ica
"La Union ";"890 ";Dos de Mayo;Huánuco
"La Union ";1105;Tarma;Junín
"La Union ";1552;Huancabamba;Piura
"La Victoria ";1208;Chiclayo;Lambayeque
"La Victoria ";1338;Lima;Lima
"Laberinto ";1461;Manu;Madre de Dios
"Lacabamba ";"203 ";Pallasca;Ancash
"Lachaqui ";1250;Canta;Lima
"Lagunas ";1209;Chiclayo;Lambayeque
"Lagunas ";1411;Alto Amazonas;Loreto
"Lagunas ";1515;Oxapampa;Pasco
"Lahuaytambo ";1289;Huarochirí;Lima
"Lajas ";"585 ";Chota;Cajamarca
"Lalaquiz ";1526;Pasco;Pasco
"Lamas ";1705;Bellavista;San Martín
"Lamay ";"698 ";Calca;Cusco
"Lambayeque ";1227;Lambayeque;Lambayeque
"Lambrama ";"255 ";Abancay;Apurímac
"Lampa ";"508 ";Páucar del Sara Sara;Ayacucho
"Lampa ";1623;Chucuito;Puno
"Lampian ";1275;Huaral;Lima
"Lamud ";"47  ";Luya;Amazonas
"Lancones ";1564;Paita;Piura
"Langa ";1290;Huarochirí;Lima
"Langui ";"706 ";Canas;Cusco
"Laramarca ";"851 ";Huaytará;Huancavelica
"Laramate ";"483 ";Lucanas;Ayacucho
"Laraos ";1291;Huarochirí;Lima
"Laraos ";1390;Yauyos;Lima
"Laredo ";1193;Trujillo;La Libertad
"Lares ";"699 ";Calca;Cusco
"Lari ";"403 ";Caylloma;Arequipa
"Laria ";"838 ";Huancavelica;Huancavelica
"Las Amazonas ";1427;Loreto;Loreto
"Las Lomas ";1553;Huancabamba;Piura
"Las Piedras ";1462;Manu;Madre de Dios
"Las Pirias ";"625 ";Jaén;Cajamarca
"Layo ";"707 ";Canas;Cusco
"Leimebamba ";"27  ";Chachapoyas;Amazonas
"Leoncio Prado ";"484 ";Lucanas;Ayacucho
"Leoncio Prado ";1319;Huaura;Lima
"Leonor Ordoñez ";1068;Jauja;Junín
"Levanto ";"28  ";Chachapoyas;Amazonas
"Lima ";1339;Lima;Lima
"Limabamba ";"68  ";Rodríguez de Mendoza;Amazonas
"Limatambo ";"692 ";Anta;Cusco
"Limbani ";1670;Puno;Puno
"Lince ";1340;Lima;Lima
"Lincha ";1391;Yauyos;Lima
"Lircay ";"804 ";Angaraes;Huancavelica
"Livitaca ";"723 ";Chumbivilcas;Cusco
"Llacanora ";"557 ";Cajamarca;Cajamarca
"Llacllin ";"216 ";Recuay;Ancash
"Llalli ";1634;El Collao;Puno
"Llama ";"183 ";Mariscal Luzuriaga;Ancash
"Llama ";"586 ";Chota;Cajamarca
"Llamellin ";"92  ";Antonio Raymondi;Ancash
"Llapa ";"651 ";San Miguel;Cajamarca
"Llapo ";"204 ";Pallasca;Ancash
"Llata ";"906 ";Huamalíes;Huánuco
"Llauta ";"485 ";Lucanas;Ayacucho
"Llaylla ";1095;Satipo;Junín
"Llipa ";"193 ";Ocros;Ancash
"Llipata ";"985 ";Palpa;Ica
"Llocllapampa ";1069;Jauja;Junín
"Lloque ";1468;Tahuamanu;Madre de Dios
"Llumpa ";"184 ";Mariscal Luzuriaga;Ancash
"Llusco ";"724 ";Chumbivilcas;Cusco
"Lluta ";"404 ";Caylloma;Arequipa
"Lobitos ";1572;Piura;Piura
"Locroja ";"826 ";Churcampa;Huancavelica
Locumba;1769;San Martín;San Martín
"Lomas ";"377 ";Caravelí;Arequipa
"Longar ";"69  ";Rodríguez de Mendoza;Amazonas
"Longotea ";1131;Bolívar;La Libertad
"Longuita ";"48  ";Luya;Amazonas
"Lonya Chico ";"49  ";Luya;Amazonas
"Lonya Grande ";"82  ";Utcubamba;Amazonas
"Los Aquijes ";"968 ";Ica;Ica
Los Baños Del Inca;"558 ";Cajamarca;Cajamarca
"Los Morochucos ";"440 ";Cangallo;Ayacucho
"Los Olivos ";1341;Lima;Lima
"Los Organos ";1573;Piura;Piura
"Lucanas ";"486 ";Lucanas;Ayacucho
"Lucma ";"185 ";Mariscal Luzuriaga;Ancash
"Lucma ";1138;Gran Chimú;La Libertad
"Lucre ";"293 ";Aymaraes;Apurímac
"Lucre ";"775 ";Quispicanchi;Cusco
"Luis Carranza ";"473 ";La Mar;Ayacucho
"Lunahuana ";1259;Cañete;Lima
"Luricocha ";"466 ";Huanta;Ayacucho
"Lurigancho ";1342;Lima;Lima
"Lurin ";1343;Lima;Lima
"Luya ";"50  ";Luya;Amazonas
"Luya Viejo ";"51  ";Luya;Amazonas
"Luyando ";"933 ";Leoncio Prado;Huánuco
"Maca ";"405 ";Caylloma;Arequipa
"Macari ";1635;El Collao;Puno
"Macate ";"226 ";Santa;Ancash
"Machaguay ";"387 ";Castilla;Arequipa
"Mache ";1149;Otuzco;La Libertad
"Machupicchu ";"783 ";Urubamba;Cusco
"Macusani ";1597;Sullana;Piura
"Madean ";1392;Yauyos;Lima
"Madre De Dios ";1455;Requena;Loreto
"Madrigal ";"406 ";Caylloma;Arequipa
"Magdalena ";"29  ";Chachapoyas;Amazonas
"Magdalena ";"559 ";Cajamarca;Cajamarca
"Magdalena De Cao ";1124;Ascope;La Libertad
"Magdalena Del Mar ";1344;Lima;Lima
"Magdalena Vieja ";1345;Lima;Lima
"Mala ";1260;Cañete;Lima
"Malvas ";"169 ";Huarmey;Ancash
"Mamara ";"321 ";Grau;Apurímac
"Manas ";1245;Cajatambo;Lima
"Mancora ";1574;Piura;Piura
"Mancos ";"243 ";Yungay;Ancash
"Mangas ";"108 ";Bolognesi;Ancash
"Manseriche ";1412;Alto Amazonas;Loreto
"Manta ";"839 ";Huancavelica;Huancavelica
"Manu ";1456;Requena;Loreto
"Manuel Antonio Mesones Muro ";1221;Ferreñafe;Lambayeque
"Manzanares ";1020;Concepción;Junín
"Mañazo ";1651;Lampa;Puno
"Maquia ";1442;Maynas;Loreto
"Mara ";"314 ";Cotabambas;Apurímac
"Marangani ";"714 ";Canchis;Cusco
"Maranura ";"746 ";La Convención;Cusco
"Maras ";"784 ";Urubamba;Cusco
"Marca ";"217 ";Recuay;Ancash
"Marcabal ";1177;Sánchez Carrión;La Libertad
"Marcabamba ";"509 ";Páucar del Sara Sara;Ayacucho
"Marcapata ";"776 ";Quispicanchi;Cusco
"Marcapomacocha ";1114;Yauli;Junín
"Marcara ";"117 ";Carhuaz;Ancash
"Marcas ";"792 ";Acobamba;Huancavelica
"Marcavelica ";1565;Paita;Piura
"Marco ";1070;Jauja;Junín
"Marcona ";"982 ";Nazca;Ica
"Margos ";"917 ";Huánuco;Huánuco
"Maria ";"52  ";Luya;Amazonas
Maria Parado De Bellido;"441 ";Cangallo;Ayacucho
Mariano Damaso Beraun;"934 ";Leoncio Prado;Huánuco
"Mariano Melgar ";"339 ";Arequipa;Arequipa
Mariano Nicolas Valcarcel;"361 ";Camaná;Arequipa
"Marias ";"891 ";Dos de Mayo;Huánuco
"Mariatana ";1292;Huarochirí;Lima
Mariscal Benavides;"70  ";Rodríguez de Mendoza;Amazonas
"Mariscal Caceres ";"362 ";Camaná;Arequipa
"Mariscal Caceres ";"840 ";Huancavelica;Huancavelica
Mariscal Castilla;"30  ";Chachapoyas;Amazonas
"Mariscal Castilla ";1021;Concepción;Junín
"Marmot ";1139;Gran Chimú;La Libertad
"Masin ";"157 ";Huari;Ancash
"Masisea ";1806;Tumbes;Tumbes
"Masma ";1071;Jauja;Junín
"Masma Chicche ";1072;Jauja;Junín
"Matacoto ";"244 ";Yungay;Ancash
"Matahuasi ";1022;Concepción;Junín
"Matalaque ";1469;Tahuamanu;Madre de Dios
"Matapalo ";1796;Tarata;Tacna
"Matara ";"560 ";Cajamarca;Cajamarca
"Mato ";"174 ";Huaylas;Ancash
"Matucanas ";1293;Huarochirí;Lima
"Mazamari ";1096;Satipo;Junín
"Mazan ";1428;Loreto;Loreto
"Mejia ";"424 ";Islay;Arequipa
"Micaela Bastidas ";"322 ";Grau;Apurímac
"Miguel Checa ";1566;Paita;Piura
"Miguel Iglesias ";"570 ";Celendín;Cajamarca
"Milpuc ";"71  ";Rodríguez de Mendoza;Amazonas
"Miracosta ";"587 ";Chota;Cajamarca
"Miraflores ";"340 ";Arequipa;Arequipa
"Miraflores ";"907 ";Huamalíes;Huánuco
"Miraflores ";1346;Lima;Lima
"Miraflores ";1393;Yauyos;Lima
"Mirgas ";"93  ";Antonio Raymondi;Ancash
"Mito ";1023;Concepción;Junín
"Moche ";1194;Trujillo;La Libertad
"Mochumi ";1228;Lambayeque;Lambayeque
"Moho ";1642;Huancané;Puno
"Molino ";"940 ";Pachitea;Huánuco
"Molinopampa ";"31  ";Chachapoyas;Amazonas
"Molinos ";1073;Jauja;Junín
"Mollebamba ";1183;Santiago de Chuco;La Libertad
"Mollebaya ";"341 ";Arequipa;Arequipa
"Mollendo ";"425 ";Islay;Arequipa
"Mollepampa ";"816 ";Castrovirreyna;Huancavelica
"Mollepata ";"693 ";Anta;Cusco
"Mollepata ";1184;Santiago de Chuco;La Libertad
"Monobamba ";1074;Jauja;Junín
"Monsefu ";1210;Chiclayo;Lambayeque
"Montero ";1516;Oxapampa;Pasco
"Montivideo ";"32  ";Chachapoyas;Amazonas
"Monzon ";"908 ";Huamalíes;Huánuco
"Moquegua ";1480;General Sánchez Cerro;Moquegua
"Morales ";1750;Moyobamba;San Martín
"Morcolla ";"520 ";Sucre;Ayacucho
"Moro ";"227 ";Santa;Ancash
"Morococha ";1115;Yauli;Junín
"Morona ";1413;Alto Amazonas;Loreto
"Morrope ";1229;Lambayeque;Lambayeque
"Morropon ";1534;Ayabaca;Piura
"Mosoc Llacta ";"683 ";Acomayo;Cusco
"Motupe ";1230;Lambayeque;Lambayeque
"Moya ";"841 ";Huancavelica;Huancavelica
"Moyobamba ";1720;Huallaga;San Martín
"Muñani ";1583;Sechura;Piura
"Muqui ";1075;Jauja;Junín
"Muquiyauyo ";1076;Jauja;Junín
"Musga ";"186 ";Mariscal Luzuriaga;Ancash
"Namballe ";"635 ";San Ignacio;Cajamarca
"Namora ";"561 ";Cajamarca;Cajamarca
"Nanchoc ";"652 ";San Miguel;Cajamarca
"Napo ";1429;Loreto;Loreto
"Nauta ";1418;Datem del Marañón;Loreto
"Navan ";1371;Oyón;Lima
"Nazca ";"983 ";Nazca;Ica
"Nepeña ";"228 ";Santa;Ancash
"Nicasio ";1624;Chucuito;Puno
"Nicolas De Pierola ";"363 ";Camaná;Arequipa
"Niepos ";"653 ";San Miguel;Cajamarca
"Nieva ";"40  ";Condorcanqui;Amazonas
"Ninabamba ";"667 ";Santa Cruz;Cajamarca
"Ninacaca ";1503;Daniel A. Carrión;Pasco
"Nueva Arica ";1211;Chiclayo;Lambayeque
"Nueva Cajamarca ";1735;Mariscal Cáceres;San Martín
"Nueva Requena ";1807;Tumbes;Tumbes
"Nueve De Julio ";1024;Concepción;Junín
"Nuevo Chimbote ";"229 ";Santa;Ancash
"Nuevo Imperial ";1261;Cañete;Lima
"Nuevo Occoro ";"842 ";Huancavelica;Huancavelica
"Nuevo Progreso ";1756;Picota;San Martín
"Nuñoa ";1636;El Collao;Puno
"Ñahuimpuquio ";"871 ";Tayacaja;Huancavelica
"Obas ";"953 ";Yarowilca;Huánuco
"Ocalli ";"53  ";Luya;Amazonas
"Ocaña ";"487 ";Lucanas;Ayacucho
"Ocobamba ";"306 ";Chincheros;Apurímac
"Ocobamba ";"747 ";La Convención;Cusco
"Ocongate ";"777 ";Quispicanchi;Cusco
"Ocoña ";"364 ";Camaná;Arequipa
"Ocoruro ";"740 ";Espinar;Cusco
"Ocoyo ";"852 ";Huaytará;Huancavelica
"Ocros ";"194 ";Ocros;Ancash
"Ocros ";"449 ";Huamanga;Ayacucho
"Ocucaje ";"969 ";Ica;Ica
"Ocumal ";"54  ";Luya;Amazonas
"Ocuviri ";1625;Chucuito;Puno
"Ollachea ";1598;Sullana;Piura
"Ollantaytambo ";"785 ";Urubamba;Cusco
"Ollaraya ";1680;San Antonio de Putina;Puno
"Olleros ";"33  ";Chachapoyas;Amazonas
"Olleros ";"144 ";Huaraz;Ancash
"Olmos ";1231;Lambayeque;Lambayeque
"Omacha ";"758 ";Paruro;Cusco
"Omas ";1394;Yauyos;Lima
"Omate ";1470;Tahuamanu;Madre de Dios
"Omia ";"72  ";Rodríguez de Mendoza;Amazonas
"Ondores ";1092;Junín;Junín
"Ongon ";1165;Pataz;La Libertad
"Ongoy ";"307 ";Chincheros;Apurímac
"Orcopampa ";"388 ";Castilla;Arequipa
"Orcotuna ";1025;Concepción;Junín
"Oropesa ";"282 ";Antabamba;Apurímac
"Oropesa ";"778 ";Quispicanchi;Cusco
"Orurillo ";1637;El Collao;Puno
"Otoca ";"488 ";Lucanas;Ayacucho
"Otuzco ";1150;Otuzco;La Libertad
"Oxamarca ";"571 ";Celendín;Cajamarca
"Oxapampa ";1494;Mariscal Nieto;Moquegua
"Oyolo ";"510 ";Páucar del Sara Sara;Ayacucho
"Oyon ";1372;Oyón;Lima
"Oyotun ";1212;Chiclayo;Lambayeque
"Paca ";1077;Jauja;Junín
"Pacaipampa ";1517;Oxapampa;Pasco
"Pacanga ";1135;Chepén;La Libertad
"Pacapausa ";"501 ";Parinacochas;Ayacucho
"Pacaran ";1262;Cañete;Lima
"Pacaraos ";1276;Huaral;Lima
"Pacasmayo ";1157;Pacasmayo;La Libertad
"Pacaycasa ";"450 ";Huamanga;Ayacucho
"Paccaritambo ";"759 ";Paruro;Cusco
"Paccha ";"588 ";Chota;Cajamarca
"Paccha ";1078;Jauja;Junín
"Paccha ";1116;Yauli;Junín
"Paccho ";1320;Huaura;Lima
"Pachacamac ";1347;Lima;Lima
"Pachaconas ";"283 ";Antabamba;Apurímac
"Pachacutec ";"970 ";Ica;Ica
"Pachamarca ";"872 ";Tayacaja;Huancavelica
"Pachas ";"892 ";Dos de Mayo;Huánuco
Pachia;1774;Tocache;San Martín
"Pachiza ";1715;El Dorado;San Martín
"Pacllon ";"109 ";Bolognesi;Ancash
"Pacobamba ";"267 ";Andahuaylas;Apurímac
"Pacocha ";1477;Tambopata;Madre de Dios
"Pacora ";1232;Lambayeque;Lambayeque
"Pacucha ";"268 ";Andahuaylas;Apurímac
"Padre Abad ";1811;Zarumilla;Tumbes
"Padre Marquez ";1450;Putumayo;Loreto
"Paico ";"521 ";Sucre;Ayacucho
"Paijan ";1125;Ascope;La Libertad
"Painas ";1518;Oxapampa;Pasco
"Paita ";1544;Huancabamba;Piura
"Pajarillo ";1716;El Dorado;San Martín
Palca;1775;Tocache;San Martín
"Palca ";"843 ";Huancavelica;Huancavelica
"Palca ";1106;Tarma;Junín
"Palca ";1626;Chucuito;Puno
"Palcamayo ";1107;Tarma;Junín
"Palcazu ";1495;Mariscal Nieto;Moquegua
"Pallanchacra ";1504;Daniel A. Carrión;Pasco
"Pallasca ";"205 ";Pallasca;Ancash
"Pallpata ";"741 ";Espinar;Cusco
"Palpa ";"986 ";Palpa;Ica
"Pamacocha ";"793 ";Acobamba;Huancavelica
"Pampa Hermosa ";1097;Satipo;Junín
"Pampa Hermosa ";1451;Putumayo;Loreto
"Pampachiri ";"269 ";Andahuaylas;Apurímac
"Pampacolca ";"389 ";Castilla;Arequipa
"Pampamarca ";"431 ";La Unión;Arequipa
"Pampamarca ";"708 ";Canas;Cusco
"Pampamarca ";"954 ";Yarowilca;Huánuco
"Pamparomas ";"175 ";Huaylas;Ancash
"Pampas ";"145 ";Huaraz;Ancash
"Pampas ";"206 ";Pallasca;Ancash
"Pampas ";"873 ";Tayacaja;Huancavelica
"Pampas Chico ";"218 ";Recuay;Ancash
Pampas De Hospital;1791;Tacna;Tacna
"Panao ";"941 ";Pachitea;Huánuco
"Pancan ";1079;Jauja;Junín
"Panchangara ";1373;Oyón;Lima
"Pangoa ";1098;Satipo;Junín
"Papaplaya ";1751;Moyobamba;San Martín
"Papayal ";1797;Tarata;Tacna
"Paracas ";"993 ";Pisco;Ica
"Paramonga ";1237;Barranca;Lima
"Paranday ";1151;Otuzco;La Libertad
"Pararca ";"511 ";Páucar del Sara Sara;Ayacucho
"Pararin ";"219 ";Recuay;Ancash
"Paras ";"442 ";Cangallo;Ayacucho
"Paratia ";1627;Chucuito;Puno
"Parco ";1080;Jauja;Junín
"Parcona ";"971 ";Ica;Ica
"Parcoy ";1166;Pataz;La Libertad
"Pardo Miguel ";1736;Mariscal Cáceres;San Martín
"Pariacoto ";"146 ";Huaraz;Ancash
"Pariahuanca ";"118 ";Carhuaz;Ancash
"Pariahuanca ";1044;Huancayo;Junín
"Parinari ";1419;Datem del Marañón;Loreto
"Pariñas ";1575;Piura;Piura
"Parobamba ";"210 ";Pomabamba;Ancash
"Paruro ";"760 ";Paruro;Cusco
"Pastaza ";1414;Alto Amazonas;Loreto
"Patambuco ";1671;Puno;Puno
"Pataypampa ";"323 ";Grau;Apurímac
"Pataz ";1167;Pataz;La Libertad
"Pativilca ";1238;Barranca;Lima
"Paucar ";1486;Ilo;Moquegua
"Paucara ";"794 ";Acobamba;Huancavelica
"Paucarbamba ";"827 ";Churcampa;Huancavelica
"Paucarcolla ";1652;Lampa;Puno
"Paucarpata ";"342 ";Arequipa;Arequipa
"Paucartambo ";"768 ";Paucartambo;Cusco
"Paucartambo ";1505;Daniel A. Carrión;Pasco
"Paucas ";"158 ";Huari;Ancash
"Pausa ";"512 ";Páucar del Sara Sara;Ayacucho
"Pazos ";"874 ";Tayacaja;Huancavelica
"Pebas ";1434;Mariscal Ramón Castilla;Loreto
"Pedro Galvez ";"645 ";San Marcos;Cajamarca
Pedro Vilca Apaza;1660;Melgar;Puno
"Perene ";"999 ";Chanchamayo;Junín
"Phara ";1672;Puno;Puno
"Pias ";1168;Pataz;La Libertad
"Pichacani ";1653;Lampa;Puno
"Pichanaqui ";1000;Chanchamayo;Junín
"Pichari ";"748 ";La Convención;Cusco
"Pichigua ";"742 ";Espinar;Cusco
"Pichirhua ";"256 ";Abancay;Apurímac
"Picota ";1725;Lamas;San Martín
"Picsi ";1213;Chiclayo;Lambayeque
"Pilchaca ";"844 ";Huancavelica;Huancavelica
"Pilcomayo ";1045;Huancayo;Junín
"Pilcuyo ";1611;Azángaro;Puno
"Pillpinto ";"761 ";Paruro;Cusco
"Pilluana ";1726;Lamas;San Martín
"Pilpichaca ";"853 ";Huaytará;Huancavelica
"Pimentel ";1214;Chiclayo;Lambayeque
"Pimpingos ";"607 ";Cutervo;Cajamarca
"Pinra ";"901 ";Huacaybamba;Huánuco
"Pinto Recodo ";1706;Bellavista;San Martín
"Pion ";"589 ";Chota;Cajamarca
"Pira ";"147 ";Huaraz;Ancash
"Pisac ";"700 ";Calca;Cusco
"Pisacoma ";1605;Talara;Piura
"Pisco ";"994 ";Pisco;Ica
"Piscobamba ";"187 ";Mariscal Luzuriaga;Ancash
"Piscoyacu ";1697;Yunguyo;Puno
"Pisuquia ";"55  ";Luya;Amazonas
"Pitipo ";1222;Ferreñafe;Lambayeque
"Pitumarca ";"715 ";Canchis;Cusco
"Piura ";1554;Huancabamba;Piura
"Plateria ";1654;Lampa;Puno
"Pocohuanca ";"294 ";Aymaraes;Apurímac
Pocollay;1776;Tocache;San Martín
"Pocsi ";"343 ";Arequipa;Arequipa
"Polobaya ";"344 ";Arequipa;Arequipa
"Polvora ";1757;Picota;San Martín
"Pomabamba ";"211 ";Pomabamba;Ancash
"Pomacancha ";1081;Jauja;Junín
"Pomacanchi ";"684 ";Acomayo;Cusco
"Pomacocha ";"270 ";Andahuaylas;Apurímac
"Pomahuaca ";"626 ";Jaén;Cajamarca
"Pomata ";1606;Talara;Piura
"Ponto ";"159 ";Huari;Ancash
"Poroto ";1195;Trujillo;La Libertad
"Poroy ";"730 ";Cuzco;Cusco
"Posic ";1737;Mariscal Cáceres;San Martín
"Potoni ";1584;Sechura;Piura
"Pozuzo ";1496;Mariscal Nieto;Moquegua
"Progreso ";"324 ";Grau;Apurímac
"Providencia ";"56  ";Luya;Amazonas
"Pucacaca ";1727;Lamas;San Martín
"Pucara ";"627 ";Jaén;Cajamarca
"Pucara ";1046;Huancayo;Junín
"Pucara ";1628;Chucuito;Puno
"Pucusana ";1348;Lima;Lima
"Pucyura ";"694 ";Anta;Cusco
"Pueblo Libre ";"176 ";Huaylas;Ancash
"Pueblo Nuevo ";"961 ";Chincha;Ica
"Pueblo Nuevo ";"972 ";Ica;Ica
"Pueblo Nuevo ";1136;Chepén;La Libertad
"Pueblo Nuevo ";1223;Ferreñafe;Lambayeque
"Puente Piedra ";1349;Lima;Lima
Puerto Bermudez;1497;Mariscal Nieto;Moquegua
"Puerto Inca ";"945 ";Puerto Inca;Huánuco
"Puinahua ";1443;Maynas;Loreto
"Pulan ";"668 ";Santa Cruz;Cajamarca
"Pullo ";"502 ";Parinacochas;Ayacucho
"Punchana ";1430;Loreto;Loreto
"Punchao ";"909 ";Huamalíes;Huánuco
"Puno ";1655;Lampa;Puno
"Punta De Bombon ";"426 ";Islay;Arequipa
"Punta Hermosa ";1350;Lima;Lima
"Punta Negra ";1351;Lima;Lima
"Puños ";"910 ";Huamalíes;Huánuco
"Puquina ";1471;Tahuamanu;Madre de Dios
"Puquio ";"489 ";Lucanas;Ayacucho
"Purus ";1812;Atalaya;Ucayali
"Pusi ";1617;Carabaya;Puno
"Putina ";1661;Melgar;Puno
"Putinza ";1395;Yauyos;Lima
"Putumayo ";1431;Loreto;Loreto
"Puyca ";"432 ";La Unión;Arequipa
"Puyusca ";"503 ";Parinacochas;Ayacucho
"Quechualla ";"433 ";La Unión;Arequipa
"Quehue ";"709 ";Canas;Cusco
"Quellouno ";"749 ";La Convención;Cusco
"Quequeña ";"345 ";Arequipa;Arequipa
"Querco ";"854 ";Huaytará;Huancavelica
"Querecotillo ";1567;Paita;Piura
"Querobamba ";"522 ";Sucre;Ayacucho
"Querocotillo ";"608 ";Cutervo;Cajamarca
"Querocoto ";"590 ";Chota;Cajamarca
"Queropalca ";"926 ";Lauricocha;Huánuco
"Quiaca ";1673;Puno;Puno
"Quicacha ";"378 ";Caravelí;Arequipa
"Quiches ";"237 ";Sihuas;Ancash
"Quichuay ";1047;Huancayo;Junín
Quilahuani;1766;Rioja;San Martín
"Quilca ";"365 ";Camaná;Arequipa
"Quilcapuncu ";1662;Melgar;Puno
"Quilcas ";1048;Huancayo;Junín
"Quillo ";"245 ";Yungay;Ancash
"Quilmana ";1263;Cañete;Lima
"Quimbiri ";"750 ";La Convención;Cusco
"Quinches ";1396;Yauyos;Lima
"Quinistaquillas ";1472;Tahuamanu;Madre de Dios
"Quinjalca ";"34  ";Chachapoyas;Amazonas
"Quinocay ";1397;Yauyos;Lima
"Quinua ";"451 ";Huamanga;Ayacucho
"Quinuabamba ";"212 ";Pomabamba;Ancash
"Quiñota ";"725 ";Chumbivilcas;Cusco
"Quiquijana ";"779 ";Quispicanchi;Cusco
"Quiruvilca ";1185;Santiago de Chuco;La Libertad
"Quishuar ";"875 ";Tayacaja;Huancavelica
"Quisqui ";"918 ";Huánuco;Huánuco
"Quito-Arma ";"855 ";Huaytará;Huancavelica
"Quivilla ";"893 ";Dos de Mayo;Huánuco
"Ragash ";"238 ";Sihuas;Ancash
"Rahuapampa ";"160 ";Huari;Ancash
"Ramon Castilla ";1435;Mariscal Ramón Castilla;Loreto
"Ranracancha ";"308 ";Chincheros;Apurímac
"Ranrahirca ";"246 ";Yungay;Ancash
"Rapayan ";"161 ";Huari;Ancash
"Raymondi ";1799;Contralmirante Villar;Tumbes
"Razuri ";1126;Ascope;La Libertad
"Recta ";"13  ";Bongará;Amazonas
"Recuay ";"220 ";Recuay;Ancash
"Reque ";1215;Chiclayo;Lambayeque
"Requena ";1444;Maynas;Loreto
"Ricardo Palma ";1294;Huarochirí;Lima
"Ricran ";1082;Jauja;Junín
"Rimac ";1352;Lima;Lima
Rinconada Llicuar;1559;Morropón;Piura
"Rio Grande ";"418 ";Condesuyos;Arequipa
"Rio Grande ";"987 ";Palpa;Ica
"Rio Negro ";1099;Satipo;Junín
"Rio Santiago ";"41  ";Condorcanqui;Amazonas
"Rio Tambo ";1100;Satipo;Junín
"Rioja ";1738;Mariscal Cáceres;San Martín
"Ripan ";"894 ";Dos de Mayo;Huánuco
"Rondocan ";"685 ";Acomayo;Cusco
"Rondos ";"927 ";Lauricocha;Huánuco
"Rosario ";"795 ";Acobamba;Huancavelica
"Rosaspata ";1618;Carabaya;Puno
"Rumisapa ";1707;Bellavista;San Martín
"Rupa-Rupa ";"935 ";Leoncio Prado;Huánuco
"Sabaino ";"284 ";Antabamba;Apurímac
"Sabandia ";"346 ";Arequipa;Arequipa
"Sacanche ";1698;Yunguyo;Puno
"Sachaca ";"347 ";Arequipa;Arequipa
"Sacsamarca ";"459 ";Huanca Sancos;Ayacucho
"Saisa ";"490 ";Lucanas;Ayacucho
"Salamanca ";"419 ";Condesuyos;Arequipa
"Salas ";"973 ";Ica;Ica
"Salas ";1233;Lambayeque;Lambayeque
"Salaverry ";1196;Trujillo;La Libertad
"Salcabamba ";"876 ";Tayacaja;Huancavelica
"Salcahuasi ";"877 ";Tayacaja;Huancavelica
"Salitral ";1535;Ayabaca;Piura
"Salitral ";1568;Paita;Piura
"Sallique ";"628 ";Jaén;Cajamarca
"Salpo ";1152;Otuzco;La Libertad
Sama;1777;Tocache;San Martín
"Saman ";1585;Sechura;Piura
"Samanco ";"230 ";Santa;Ancash
"Samegua ";1481;General Sánchez Cerro;Moquegua
"Samuel Pastor ";"366 ";Camaná;Arequipa
"San Agustin ";1049;Huancayo;Junín
"San Andres ";"995 ";Pisco;Ica
San Andres De Cutervo;"609 ";Cutervo;Cajamarca
San Andres De Tupicocha;1295;Huarochirí;Lima
"San Anton ";1586;Sechura;Piura
"San Antonio ";"325 ";Grau;Apurímac
"San Antonio ";1264;Cañete;Lima
"San Antonio ";1296;Huarochirí;Lima
"San Antonio ";1656;Lampa;Puno
"San Antonio ";1752;Moyobamba;San Martín
San Antonio De Antaparco;"805 ";Angaraes;Huancavelica
"San Antonio De Cachi ";"271 ";Andahuaylas;Apurímac
"San Antonio De Chuca ";"407 ";Caylloma;Arequipa
San Antonio De Cusicancha;"856 ";Huaytará;Huancavelica
"San Bartolo ";1353;Lima;Lima
"San Bartolome ";1297;Huarochirí;Lima
"San Benito ";"598 ";Contumazá;Cajamarca
"San Bernardino ";"659 ";San Pablo;Cajamarca
"San Borja ";1354;Lima;Lima
"San Buenaventura ";"938 ";Marañón;Huánuco
"San Buenaventura ";1251;Canta;Lima
"San Carlos ";"14  ";Bongará;Amazonas
"San Clemente ";"996 ";Pisco;Ica
"San Cristobal ";"57  ";Luya;Amazonas
"San Cristobal ";"491 ";Lucanas;Ayacucho
"San Cristobal ";1482;General Sánchez Cerro;Moquegua
"San Cristobal ";1728;Lamas;San Martín
San Cristobal De Rajan;"195 ";Ocros;Ancash
"San Damian ";1298;Huarochirí;Lima
"San Felipe ";"629 ";Jaén;Cajamarca
"San Fernando ";1739;Mariscal Cáceres;San Martín
"San Francisco ";"886 ";Ambo;Huánuco
"San Francisco De Asis ";"928 ";Lauricocha;Huánuco
San Francisco De Asis De Yarusyacan;1506;Daniel A. Carrión;Pasco
San Francisco De Cayran;"919 ";Huánuco;Huánuco
San Francisco De Daguas;"35  ";Chachapoyas;Amazonas
San Francisco De Ravacayco;"504 ";Parinacochas;Ayacucho
"San Francisco De Sangayaico ";"857 ";Huaytará;Huancavelica
San Francisco Del Yeso;"58  ";Luya;Amazonas
"San Gaban ";1599;Sullana;Piura
"San Gregorio ";"654 ";San Miguel;Cajamarca
"San Hilarion ";1729;Lamas;San Martín
"San Ignacio ";"636 ";San Ignacio;Cajamarca
"San Isidro ";"858 ";Huaytará;Huancavelica
"San Isidro ";1355;Lima;Lima
San Isidro De Maino;"36  ";Chachapoyas;Amazonas
"San Jacinto ";1792;Tacna;Tacna
San Javier Del Alpabamba;"513 ";Páucar del Sara Sara;Ayacucho
"San Jeronimo ";"59  ";Luya;Amazonas
"San Jeronimo ";"272 ";Andahuaylas;Apurímac
"San Jeronimo ";"731 ";Cuzco;Cusco
San Jeronimo De Tunan;1050;Huancayo;Junín
"San Joaquin ";1398;Yauyos;Lima
"San Jose ";1158;Pacasmayo;La Libertad
"San Jose ";1234;Lambayeque;Lambayeque
"San Jose ";1587;Sechura;Piura
"San Jose De Los Molinos ";"974 ";Ica;Ica
San Jose De Lourdes;"637 ";San Ignacio;Cajamarca
"San Jose De Quero ";1026;Concepción;Junín
San Jose De Sisa;1691;Sandia;Puno
San Jose De Ticllas;"452 ";Huamanga;Ayacucho
San Jose De Ushua;"514 ";Páucar del Sara Sara;Ayacucho
San Jose Del Alto;"630 ";Jaén;Cajamarca
"San Juan ";"239 ";Sihuas;Ancash
"San Juan ";"492 ";Lucanas;Ayacucho
"San Juan ";"562 ";Cajamarca;Cajamarca
"San Juan ";"817 ";Castrovirreyna;Huancavelica
San Juan Bautista;"453 ";Huamanga;Ayacucho
"San Juan Bautista ";"975 ";Ica;Ica
San Juan De Bigote;1536;Ayabaca;Piura
"San Juan De Chacña ";"295 ";Aymaraes;Apurímac
San Juan De Cutervo;"610 ";Cutervo;Cajamarca
"San Juan De Iris ";1299;Huarochirí;Lima
San Juan De La Virgen;1793;Tacna;Tacna
San Juan De Licupis;"591 ";Chota;Cajamarca
San Juan De Lopecancha;"60  ";Luya;Amazonas
San Juan De Lurigancho;1356;Lima;Lima
San Juan De Miraflores;1357;Lima;Lima
San Juan De Rontoy;"94  ";Antonio Raymondi;Ancash
San Juan De Salinas;1588;Sechura;Piura
"San Juan De Siguas ";"348 ";Arequipa;Arequipa
San Juan De Tantaranche;1300;Huarochirí;Lima
"San Juan De Tarucani ";"349 ";Arequipa;Arequipa
"San Juan De Yanac ";"962 ";Chincha;Ica
"San Juan De Yscos ";1011;Chupaca;Junín
San Juan Del Oro;1674;Puno;Puno
"San Lorenzo ";1083;Jauja;Junín
San Lorenzo De Quinti;1301;Huarochirí;Lima
"San Luis ";"123 ";Carlos F. Fitzcarrald;Ancash
"San Luis ";"660 ";San Pablo;Cajamarca
"San Luis ";1265;Cañete;Lima
"San Luis ";1358;Lima;Lima
San Luis De Lucma;"611 ";Cutervo;Cajamarca
"San Luis De Shuaro ";1001;Chanchamayo;Junín
"San Marcos ";"162 ";Huari;Ancash
"San Marcos De Rocchac ";"878 ";Tayacaja;Huancavelica
"San Martin ";1692;Sandia;Puno
"San Martin De Porres ";1359;Lima;Lima
"San Mateo ";1302;Huarochirí;Lima
"San Mateo De Otao ";1303;Huarochirí;Lima
"San Miguel ";"474 ";La Mar;Ayacucho
"San Miguel ";"655 ";San Miguel;Cajamarca
"San Miguel ";1360;Lima;Lima
San Miguel De Aco;"119 ";Carhuaz;Ancash
"San Miguel De Acos ";1277;Huaral;Lima
"San Miguel De Cauri ";"929 ";Lauricocha;Huánuco
"San Miguel De Chaccrampa ";"273 ";Andahuaylas;Apurímac
San Miguel De Corpanqui;"110 ";Bolognesi;Ancash
San Miguel De El Faique;1527;Pasco;Pasco
"San Miguel De Mayocc ";"828 ";Churcampa;Huancavelica
"San Nicolas ";"73  ";Rodríguez de Mendoza;Amazonas
"San Nicolas ";"124 ";Carlos F. Fitzcarrald;Ancash
"San Pablo ";"661 ";San Pablo;Cajamarca
"San Pablo ";"716 ";Canchis;Cusco
"San Pablo ";1436;Mariscal Ramón Castilla;Loreto
"San Pablo ";1688;San Román;Puno
"San Pedro ";"196 ";Ocros;Ancash
"San Pedro ";"493 ";Lucanas;Ayacucho
"San Pedro ";"717 ";Canchis;Cusco
"San Pedro De Cachora ";"257 ";Abancay;Apurímac
"San Pedro De Cajas ";1108;Tarma;Junín
"San Pedro De Casta ";1304;Huarochirí;Lima
San Pedro De Chana;"163 ";Huari;Ancash
San Pedro De Chaulan;"920 ";Huánuco;Huánuco
"San Pedro De Chunan ";1084;Jauja;Junín
"San Pedro De Coris ";"829 ";Churcampa;Huancavelica
San Pedro De Huacarpana;"963 ";Chincha;Ica
San Pedro De Huancayre;1305;Huarochirí;Lima
San Pedro De Larcay;"523 ";Sucre;Ayacucho
"San Pedro De Lloc ";1159;Pacasmayo;La Libertad
San Pedro De Palco;"494 ";Lucanas;Ayacucho
"San Pedro De Pilas ";1399;Yauyos;Lima
San Pedro De Pillao;1487;Ilo;Moquegua
"San Rafael ";"887 ";Ambo;Huánuco
"San Rafael ";1689;San Román;Puno
"San Ramon ";1002;Chanchamayo;Junín
San Roque De Cumbaza;1708;Bellavista;San Martín
"San Salvador ";"701 ";Calca;Cusco
San Salvador De Quije;"524 ";Sucre;Ayacucho
"San Sebastian ";"732 ";Cuzco;Cusco
San Silvestre De Conchan;"656 ";San Miguel;Cajamarca
"San Vicente De Cañete ";1266;Cañete;Lima
"Sanagoran ";1178;Sánchez Carrión;La Libertad
"Sancos ";"460 ";Huanca Sancos;Ayacucho
"Sancos ";"495 ";Lucanas;Ayacucho
"Sandia ";1675;Puno;Puno
"Sangallaya ";1306;Huarochirí;Lima
"Sangarara ";"686 ";Acomayo;Cusco
"Santa ";"231 ";Santa;Ancash
"Santa Ana ";"751 ";La Convención;Cusco
"Santa Ana ";"818 ";Castrovirreyna;Huancavelica
Santa Ana De Huaycahuacho;"496 ";Lucanas;Ayacucho
Santa Ana De Tusi;1488;Ilo;Moquegua
"Santa Anita ";1361;Lima;Lima
Santa Barbara De Carhuacayan;1117;Yauli;Junín
"Santa Catalina ";"61  ";Luya;Amazonas
Santa Catalina De Mossa;1537;Ayabaca;Piura
"Santa Cruz ";"177 ";Huaylas;Ancash
"Santa Cruz ";"612 ";Cutervo;Cajamarca
"Santa Cruz ";"669 ";Santa Cruz;Cajamarca
"Santa Cruz ";"988 ";Palpa;Ica
"Santa Cruz ";1415;Alto Amazonas;Loreto
Santa Cruz De Andamarca;1278;Huaral;Lima
"Santa Cruz De Chuca ";1186;Santiago de Chuco;La Libertad
Santa Cruz De Cocachacra;1307;Huarochirí;Lima
"Santa Cruz De Flores ";1267;Cañete;Lima
Santa Cruz De Toled;"599 ";Contumazá;Cajamarca
"Santa Eulalia ";1308;Huarochirí;Lima
"Santa Isabel De Siguas ";"350 ";Arequipa;Arequipa
"Santa Leonor ";1321;Huaura;Lima
"Santa Lucia ";"497 ";Lucanas;Ayacucho
"Santa Lucia ";1629;Chucuito;Puno
"Santa Maria ";1322;Huaura;Lima
"Santa Maria De Chicmo ";"274 ";Andahuaylas;Apurímac
"Santa Maria Del Mar ";1362;Lima;Lima
"Santa Maria Del Valle ";"921 ";Huánuco;Huánuco
"Santa Rita De Siguas ";"351 ";Arequipa;Arequipa
"Santa Rosa ";"74  ";Rodríguez de Mendoza;Amazonas
"Santa Rosa ";"207 ";Pallasca;Ancash
"Santa Rosa ";"326 ";Grau;Apurímac
"Santa Rosa ";"475 ";La Mar;Ayacucho
"Santa Rosa ";"631 ";Jaén;Cajamarca
"Santa Rosa ";1216;Chiclayo;Lambayeque
"Santa Rosa ";1363;Lima;Lima
"Santa Rosa ";1612;Azángaro;Puno
"Santa Rosa ";1638;El Collao;Puno
"Santa Rosa ";1693;Sandia;Puno
"Santa Rosa De Ocopa ";1027;Concepción;Junín
"Santa Rosa De Quives ";1252;Canta;Lima
"Santa Rosa De Sacco ";1118;Yauli;Junín
"Santa Teresa ";"752 ";La Convención;Cusco
"Santiago ";"733 ";Cuzco;Cusco
"Santiago De Anchucaya ";1309;Huarochirí;Lima
"Santiago De Cao ";1127;Ascope;La Libertad
"Santiago De Challas ";1169;Pataz;La Libertad
Santiago De Chilcas;"197 ";Ocros;Ancash
"Santiago De Chocorvos ";"859 ";Huaytará;Huancavelica
"Santiago De Chuco ";1187;Santiago de Chuco;La Libertad
Santiago De Lucanamarca;"461 ";Huanca Sancos;Ayacucho
Santiago De Paucaray;"525 ";Sucre;Ayacucho
Santiago De Pischa;"454 ";Huamanga;Ayacucho
Santiago De Pupuja;1589;Sechura;Piura
"Santiago De Quirahuara ";"860 ";Huaytará;Huancavelica
"Santiago De Surco ";1364;Lima;Lima
"Santiago De Tuna ";1310;Huarochirí;Lima
"Santigo ";"976 ";Ica;Ica
"Santillana ";"467 ";Huanta;Ayacucho
"Santo Domingo ";1538;Ayabaca;Piura
Santo Domingo De Capillas;"861 ";Huaytará;Huancavelica
Santo Domingo De La Capilla;"613 ";Cutervo;Cajamarca
Santo Domingo De Los Olleros;1311;Huarochirí;Lima
"Santo Tomas ";"62  ";Luya;Amazonas
"Santo Tomas ";"614 ";Cutervo;Cajamarca
"Santo Tomas ";"726 ";Chumbivilcas;Cusco
"Santo Tomas De Pata ";"806 ";Angaraes;Huancavelica
"Santo Toribio ";"178 ";Huaylas;Ancash
"Saña ";1217;Chiclayo;Lambayeque
"Sañayca ";"296 ";Aymaraes;Apurímac
"Saño ";1051;Huancayo;Junín
"Sapallanga ";1052;Huancayo;Junín
"Sapillica ";1519;Oxapampa;Pasco
"Saposoa ";1699;Yunguyo;Puno
"Saquena ";1445;Maynas;Loreto
"Sara Sara ";"515 ";Páucar del Sara Sara;Ayacucho
"Sarayacu ";1452;Putumayo;Loreto
"Sarhua ";"537 ";Víctor Fajardo;Ayacucho
"Sarin ";1179;Sánchez Carrión;La Libertad
"Sartimbamba ";1180;Sánchez Carrión;La Libertad
"Satipo ";1101;Satipo;Junín
"Sauce ";1753;Moyobamba;San Martín
"Saucepampa ";"670 ";Santa Cruz;Cajamarca
"Saurama ";"544 ";Vilcashuamán;Ayacucho
"Sausa ";1085;Jauja;Junín
"Sayan ";1323;Huaura;Lima
"Sayapullo ";1140;Gran Chimú;La Libertad
"Sayla ";"434 ";La Unión;Arequipa
"Saylla ";"734 ";Cuzco;Cusco
"Secclla ";"807 ";Angaraes;Huancavelica
"Sechura ";1560;Morropón;Piura
"Sepahua ";1800;Contralmirante Villar;Tumbes
"Sexi ";"671 ";Santa Cruz;Cajamarca
"Shamboyacu ";1730;Lamas;San Martín
"Shanao ";1709;Bellavista;San Martín
"Shapaja ";1754;Moyobamba;San Martín
"Shatoja ";1694;Sandia;Puno
"Shilla ";"120 ";Carhuaz;Ancash
"Shipasbamba ";"15  ";Bongará;Amazonas
"Shunqui ";"895 ";Dos de Mayo;Huánuco
"Shunte ";1758;Picota;San Martín
"Shupluy ";"247 ";Yungay;Ancash
"Sibayo ";"408 ";Caylloma;Arequipa
"Sicaya ";1053;Huancayo;Junín
"Sicchez ";1520;Oxapampa;Pasco
"Sicsibamba ";"240 ";Sihuas;Ancash
"Sicuani ";"718 ";Canchis;Cusco
"Sihuas ";"241 ";Sihuas;Ancash
"Sillapata ";"896 ";Dos de Mayo;Huánuco
"Simbal ";1197;Trujillo;La Libertad
"Simon Bolivar ";1507;Daniel A. Carrión;Pasco
"Sina ";1663;Melgar;Puno
"Sincos ";1086;Jauja;Junín
"Singa ";"911 ";Huamalíes;Huánuco
"Sinsicap ";1153;Otuzco;La Libertad
"Sitabamba ";1188;Santiago de Chuco;La Libertad
"Sitacocha ";"550 ";Cajabamba;Cajamarca
Sitajara;1782;Candarave;Tacna
"Sivia ";"468 ";Huanta;Ayacucho
"Socabaya ";"352 ";Arequipa;Arequipa
"Socos ";"455 ";Huamanga;Ayacucho
"Socota ";"615 ";Cutervo;Cajamarca
"Soloco ";"37  ";Chachapoyas;Amazonas
"Sonche ";"38  ";Chachapoyas;Amazonas
"Sondor ";1528;Pasco;Pasco
"Sondorillo ";1529;Pasco;Pasco
Sonto Domingo De Acobamba;1054;Huancayo;Junín
"Soplin ";1446;Maynas;Loreto
"Soras ";"526 ";Sucre;Ayacucho
"Soraya ";"297 ";Aymaraes;Apurímac
"Soritor ";1721;Huallaga;San Martín
"Sorochuco ";"572 ";Celendín;Cajamarca
"Subtanjalla ";"977 ";Ica;Ica
"Succha ";"88  ";Aija;Ancash
"Sucre ";"573 ";Celendín;Cajamarca
"Suitucancha ";1119;Yauli;Junín
"Sullana ";1569;Paita;Piura
"Sumbilca ";1279;Huaral;Lima
"Sunampe ";"964 ";Chincha;Ica
"Supe ";1239;Barranca;Lima
"Supe Puerto ";1240;Barranca;Lima
"Surco ";1312;Huarochirí;Lima
"Surcubamba ";"879 ";Tayacaja;Huancavelica
"Surquillo ";1365;Lima;Lima
Susapaya;1783;Candarave;Tacna
"Suyckutambo ";"743 ";Espinar;Cusco
"Suyo ";1521;Oxapampa;Pasco
"Tabaconas ";"638 ";San Ignacio;Cajamarca
"Tabalosos ";1710;Bellavista;San Martín
"Tacabamba ";"592 ";Chota;Cajamarca
Tacna;1778;Tocache;San Martín
"Tahuamanu ";1459;Ucayali;Loreto
"Tahuania ";1801;Contralmirante Villar;Tumbes
"Talavera ";"275 ";Andahuaylas;Apurímac
"Tamarindo ";1545;Huancabamba;Piura
"Tambillo ";"456 ";Huamanga;Ayacucho
"Tambo ";"476 ";La Mar;Ayacucho
"Tambo ";"862 ";Huaytará;Huancavelica
"Tambo De Mora ";"965 ";Chincha;Ica
"Tambo Grande ";1555;Huancabamba;Piura
"Tambobamba ";"315 ";Cotabambas;Apurímac
"Tambopata ";1463;Manu;Madre de Dios
"Tamburco ";"258 ";Abancay;Apurímac
"Tanta ";1400;Yauyos;Lima
"Tantamayo ";"912 ";Huamalíes;Huánuco
"Tantara ";"819 ";Castrovirreyna;Huancavelica
"Tantarica ";"600 ";Contumazá;Cajamarca
"Tapacocha ";"221 ";Recuay;Ancash
"Tapairihua ";"298 ";Aymaraes;Apurímac
"Tapay ";"409 ";Caylloma;Arequipa
"Tapiche ";1447;Maynas;Loreto
"Tapo ";1109;Tarma;Junín
"Tapuc ";1489;Ilo;Moquegua
"Taraco ";1619;Carabaya;Puno
"Tarapoto ";1755;Moyobamba;San Martín
Tarata;1784;Candarave;Tacna
"Taray ";"702 ";Calca;Cusco
"Tarica ";"148 ";Huaraz;Ancash
"Tarma ";1110;Tarma;Junín
Tarucachi;1785;Candarave;Tacna
"Tate ";"978 ";Ica;Ica
"Tauca ";"208 ";Pallasca;Ancash
"Tauria ";"435 ";La Unión;Arequipa
"Taurija ";1170;Pataz;La Libertad
"Tauripampa ";1401;Yauyos;Lima
"Tayabamba ";1171;Pataz;La Libertad
Teniente Cesar Lopez Rojas;1416;Alto Amazonas;Loreto
"Tiabaya ";"353 ";Arequipa;Arequipa
"Tibillo ";"989 ";Palpa;Ica
Ticaco;1786;Candarave;Tacna
"Ticapampa ";"222 ";Recuay;Ancash
"Ticlacayan ";1508;Daniel A. Carrión;Pasco
"Ticllos ";"111 ";Bolognesi;Ancash
"Ticrapo ";"820 ";Castrovirreyna;Huancavelica
"Tigre ";1420;Datem del Marañón;Loreto
"Tilali ";1643;Huancané;Puno
"Tinco ";"121 ";Carhuaz;Ancash
"Tingo ";"63  ";Luya;Amazonas
"Tingo De Ponasa ";1731;Lamas;San Martín
"Tingo De Sapoa ";1700;Yunguyo;Puno
"Tinicachi ";1681;San Antonio de Putina;Puno
"Tinta ";"719 ";Canchis;Cusco
"Tintay ";"299 ";Aymaraes;Apurímac
"Tintay Puncu ";"880 ";Tayacaja;Huancavelica
"Tinyahuarco ";1509;Daniel A. Carrión;Pasco
"Tipan ";"390 ";Castilla;Arequipa
"Tiquillaca ";1657;Lampa;Puno
"Tirapata ";1590;Sechura;Piura
"Tisco ";"410 ";Caylloma;Arequipa
"Tocache ";1759;Picota;San Martín
"Tocmoche ";"593 ";Chota;Cajamarca
"Tomas ";1402;Yauyos;Lima
"Tomay Kichwa ";"888 ";Ambo;Huánuco
"Tomepampa ";"436 ";La Unión;Arequipa
"Tongod ";"657 ";San Miguel;Cajamarca
"Torata ";1483;General Sánchez Cerro;Moquegua
"Toraya ";"300 ";Aymaraes;Apurímac
Toribio Casanova;"616 ";Cutervo;Cajamarca
"Toro ";"437 ";La Unión;Arequipa
"Torres Causana ";1432;Loreto;Loreto
"Totora ";"75  ";Rodríguez de Mendoza;Amazonas
"Totos ";"443 ";Cangallo;Ayacucho
"Tournavista ";"946 ";Puerto Inca;Huánuco
"Tres Unidos ";1732;Lamas;San Martín
"Trita ";"64  ";Luya;Amazonas
"Trompeteros ";1421;Datem del Marañón;Loreto
"Trujillo ";1198;Trujillo;La Libertad
"Tucume ";1235;Lambayeque;Lambayeque
"Tumay Huaraca ";"276 ";Andahuaylas;Apurímac
"Tumbaden ";"662 ";San Pablo;Cajamarca
"Tumbes ";1794;Tacna;Tacna
"Tunan Marca ";1087;Jauja;Junín
"Tupac Amaru ";"710 ";Canas;Cusco
"Tupac Amaru Inca ";"997 ";Pisco;Ica
"Tupe ";1403;Yauyos;Lima
"Turpay ";"327 ";Grau;Apurímac
"Turpo ";"277 ";Andahuaylas;Apurímac
Tuti;"411 ";Caylloma;Arequipa
"Ubinas ";1473;Tahuamanu;Madre de Dios
"Uchiza ";1760;Picota;San Martín
"Uchumarca ";1132;Bolívar;La Libertad
"Uchumayo ";"354 ";Arequipa;Arequipa
"Uco ";"164 ";Huari;Ancash
"Ucuncha ";1133;Bolívar;La Libertad
"Ulcumayo ";1093;Junín;Junín
"Umachiri ";1639;El Collao;Puno
"Umari ";"942 ";Pachitea;Huánuco
"Unicachi ";1682;San Antonio de Putina;Puno
Union Agua Blanca;"658 ";San Miguel;Cajamarca
"Uñon ";"391 ";Castilla;Arequipa
"Upahuacho ";"505 ";Parinacochas;Ayacucho
"Uraca ";"392 ";Castilla;Arequipa
"Uranmarca ";"309 ";Chincheros;Apurímac
"Urarinas ";1422;Datem del Marañón;Loreto
"Urcos ";"780 ";Quispicanchi;Cusco
"Urpay ";1172;Pataz;La Libertad
"Urubamba ";"786 ";Urubamba;Cusco
"Usicayos ";1600;Sullana;Piura
"Usquil ";1154;Otuzco;La Libertad
"Utco ";"574 ";Celendín;Cajamarca
"Uticyacu ";"672 ";Santa Cruz;Cajamarca
"Valera ";"16  ";Bongará;Amazonas
"Vargas Guerra ";1453;Putumayo;Loreto
"Vegueta ";1324;Huaura;Lima
"Veintisiete De Noviembre ";1280;Huaral;Lima
"Velille ";"727 ";Chumbivilcas;Cusco
"Ventanillla ";"679 ";Callao;Callao
"Vicco ";1510;Daniel A. Carrión;Pasco
"Vice ";1561;Morropón;Piura
"Vichayal ";1546;Huancabamba;Piura
"Victor Larco Herrera ";1199;Trujillo;La Libertad
"Vilavila ";1630;Chucuito;Puno
"Vilca ";"845 ";Huancavelica;Huancavelica
"Vilcabamba ";"328 ";Grau;Apurímac
"Vilcabamba ";"753 ";La Convención;Cusco
"Vilcabamba ";1490;Ilo;Moquegua
"Vilcanchos ";"538 ";Víctor Fajardo;Ayacucho
"Vilcas Huaman ";"545 ";Vilcashuamán;Ayacucho
"Villa El Salvador ";1366;Lima;Lima
Villa Maria Del Triunfo;1367;Lima;Lima
"Villa Rica ";1498;Mariscal Nieto;Moquegua
"Vilque ";1658;Lampa;Puno
"Vilque Chico ";1620;Carabaya;Puno
"Vinchos ";"457 ";Huamanga;Ayacucho
"Viñac ";1404;Yauyos;Lima
"Viques ";1055;Huancayo;Junín
"Viraco ";"393 ";Castilla;Arequipa
"Viru ";1202;Virú;La Libertad
"Virundo ";"329 ";Grau;Apurímac
"Vischongo ";"546 ";Vilcashuamán;Ayacucho
"Vista Alegre ";"76  ";Rodríguez de Mendoza;Amazonas
"Vista Alegre ";"984 ";Nazca;Ica
"Vitis ";1405;Yauyos;Lima
"Vitoc ";1003;Chanchamayo;Junín
"Vitor ";"355 ";Arequipa;Arequipa
"Wanchaq ";"735 ";Cuzco;Cusco
"Yamango ";1539;Ayabaca;Piura
"Yambrasbamba ";"17  ";Bongará;Amazonas
"Yamon ";"83  ";Utcubamba;Amazonas
"Yanac ";"135 ";Corongo;Ancash
"Yanaca ";"301 ";Aymaraes;Apurímac
"Yanacancha ";1012;Chupaca;Junín
"Yanacancha ";1511;Daniel A. Carrión;Pasco
"Yanahuanca ";1491;Ilo;Moquegua
"Yanahuara ";"356 ";Arequipa;Arequipa
"Yanahuaya ";1676;Puno;Puno
"Yanama ";"248 ";Yungay;Ancash
"Yanaoca ";"711 ";Canas;Cusco
"Yanaquihua ";"420 ";Condesuyos;Arequipa
"Yanas ";"897 ";Dos de Mayo;Huánuco
"Yanatile ";"703 ";Calca;Cusco
"Yanque ";"412 ";Caylloma;Arequipa
"Yantalo ";1722;Huallaga;San Martín
"Yaquerana ";1433;Loreto;Loreto
"Yarabamba ";"357 ";Arequipa;Arequipa
"Yarinacocha ";1808;Tumbes;Tumbes
"Yarumayo ";"922 ";Huánuco;Huánuco
"Yauca ";"379 ";Caravelí;Arequipa
"Yauca Del Rosario ";"979 ";Ica;Ica
"Yauli ";"846 ";Huancavelica;Huancavelica
"Yauli ";1088;Jauja;Junín
"Yauli ";1120;Yauli;Junín
"Yaurisque ";"762 ";Paruro;Cusco
"Yautan ";"129 ";Casma;Ancash
"Yauya ";"125 ";Carlos F. Fitzcarrald;Ancash
"Yauyos ";1089;Jauja;Junín
"Yauyos ";1406;Yauyos;Lima
"Yauyucan ";"673 ";Santa Cruz;Cajamarca
"Yavari ";1437;Mariscal Ramón Castilla;Loreto
"Yonan ";"601 ";Contumazá;Cajamarca
"Yorongos ";1740;Mariscal Cáceres;San Martín
"Yucay ";"787 ";Urubamba;Cusco
"Yunga ";1474;Tahuamanu;Madre de Dios
"Yungar ";"122 ";Carhuaz;Ancash
"Yungay ";"249 ";Yungay;Ancash
"Yunguyo ";1683;San Antonio de Putina;Puno
"Yupan ";"136 ";Corongo;Ancash
"Yura ";"358 ";Arequipa;Arequipa
"Yuracmarca ";"179 ";Huaylas;Ancash
"Yuracyacu ";1741;Mariscal Cáceres;San Martín
"Yurimaguas ";1417;Alto Amazonas;Loreto
"Yurua ";1802;Contralmirante Villar;Tumbes
"Yuyapichis ";"947 ";Puerto Inca;Huánuco
"Zapatero ";1711;Bellavista;San Martín
"Zarumilla ";1798;Tarata;Tacna
"Zepita ";1607;Talara;Piura
"Zorritos ";1788;Jorge Basadre;Tacna
"Zuñiga ";1268;Cañete;Lima
"Zurite ";"695 ";Anta;Cusco
